EN,ASCII,Description,Compositional_strategy,Attribute
overjoyed,:D,ASCII art ':D' representing overjoyed,Direct,EMOTION
sad heart,</3,ASCII art '</3' representing sad heart,Direct,OBJECT
flexing muscles,ᕙ(⇀‸↼‶)ᕗ,ASCII art 'ᕙ(⇀‸↼‶)ᕗ' representing flexing muscles,Metaphorical,ACTION
curly brackets,{},ASCII art '{}' representing curly brackets,Direct,OBJECT
praying hands,_/\_,ASCII art '_/\_' representing praying hands,Direct,ACTION
weird fighter,(ง ͠° ͟ل͜ ͡°)ง,ASCII art '(ง ͠° ͟ل͜ ͡°)ง' representing weird fighter,Metaphorical,STATE
direction right,-->,ASCII art '-->' representing direction right,Direct,OBJECT
affection symbol,<3,ASCII art '<3' representing affection symbol,Direct,OBJECT
kissy hug,(づ￣ ³￣)づ,ASCII art '(づ￣ ³￣)づ' representing kissy hug,Metaphorical,ACTION
putting on glasses,( •_•)>⌐■-■,ASCII art '( •_•)>⌐■-■' representing putting on glasses,Metaphorical,ACTION
strong left,<<<<<<,ASCII art '<<<<<<' representing strong left,Reduplication,ACTION
extreme laughter,XDXDXD,ASCII art 'XDXDXD' representing extreme laughter,Reduplication,EMOTION
extreme emphasis,!!!!!,ASCII art '!!!!!' representing extreme emphasis,Reduplication,EMOTION
multiple questions,??? ??? ???,ASCII art '??? ??? ???' representing multiple questions,Semantic List,STATE
double point,(☞ﾟヮﾟ)☞,ASCII art '(☞ﾟヮﾟ)☞' representing double point,Metaphorical,ACTION
on the floor,OTL,ASCII art 'OTL' representing on the floor,Direct,ACTION
many pluses,++++++,ASCII art '++++++' representing many pluses,Reduplication,OBJECT
suggestive look,( ͡° ͜ʖ ͡°),ASCII art '( ͡° ͜ʖ ͡°)' representing suggestive look,Metaphorical,EMOTION
asterisk pattern,***,ASCII art '***' representing asterisk pattern,Direct,OBJECT
happy walking,♪~ ᕕ(ᐛ)ᕗ,ASCII art '♪~ ᕕ(ᐛ)ᕗ' representing happy walking,Metaphorical,ACTION
joyful celebration,╰(*°▽°*)╯,ASCII art '╰(*°▽°*)╯' representing joyful celebration,Metaphorical,EMOTION
heart shape,<3,ASCII art '<3' representing heart shape,Direct,OBJECT
deepening confusion,??? ? ?,ASCII art '??? ? ?' representing deepening confusion,Semantic List,STATE
determined spirit,(๑•̀ㅂ•́)و✧,ASCII art '(๑•̀ㅂ•́)و✧' representing determined spirit,Metaphorical,QUALITY
loud laughter,XD,ASCII art 'XD' representing loud laughter,Direct,EMOTION
swaying dance,(~˘▾˘)~,ASCII art '(~˘▾˘)~' representing swaying dance,Metaphorical,ACTION
stellar symbol,*,ASCII art '*' representing stellar symbol,Direct,OBJECT
suave pose,(⌐■_■),ASCII art '(⌐■_■)' representing suave pose,Metaphorical,QUALITY
sly expression,(¬‿¬),ASCII art '(¬‿¬)' representing sly expression,Metaphorical,EMOTION
very happy,:D,ASCII art ':D' representing very happy,Direct,EMOTION
big laugh,XD,ASCII art 'XD' representing big laugh,Direct,EMOTION
gentle smile,(✿◠‿◠),ASCII art '(✿◠‿◠)' representing gentle smile,Metaphorical,EMOTION
multiple hearts,<3 <3 <3,ASCII art '<3 <3 <3' representing multiple hearts,Semantic List,EMOTION
deep bow,orz,ASCII art 'orz' representing deep bow,Direct,ACTION
content smile,=),ASCII art '=)' representing content smile,Direct,EMOTION
at symbols,@@@ @ @,ASCII art '@@@ @ @' representing at symbols,Semantic List,OBJECT
percent signs,%%% % %,ASCII art '%%% % %' representing percent signs,Semantic List,OBJECT
uncertain,¯\_(ツ)_/¯,ASCII art '¯\_(ツ)_/¯' representing uncertain,Metaphorical,STATE
calm attitude,(⌐■_■),ASCII art '(⌐■_■)' representing calm attitude,Metaphorical,QUALITY
resolute attitude,(๑•̀ㅂ•́)و✧,ASCII art '(๑•̀ㅂ•́)و✧' representing resolute attitude,Metaphorical,QUALITY
vertical lines,|||,ASCII art '|||' representing vertical lines,Direct,OBJECT
quirky smile,(҂◡_◡),ASCII art '(҂◡_◡)' representing quirky smile,Metaphorical,QUALITY
arrow left,<--,ASCII art '<--' representing arrow left,Direct,OBJECT
group smiling,=) =) =),ASCII art '=) =) =)' representing group smiling,Semantic List,EMOTION
back and forth,>>> <<<,ASCII art '>>> <<<' representing back and forth,Semantic List,ACTION
happy eyes pattern,^^ ^ ^^,ASCII art '^^ ^ ^^' representing happy eyes pattern,Semantic List,EMOTION
energetic dance,♪┏(・o･)┛♪,ASCII art '♪┏(・o･)┛♪' representing energetic dance,Metaphorical,ACTION
very upset,D:,ASCII art 'D:' representing very upset,Direct,EMOTION
one eye closed,;),ASCII art ';)' representing one eye closed,Direct,EMOTION
heartbreak,</3,ASCII art '</3' representing heartbreak,Direct,EMOTION
prayer gesture,_/\_,ASCII art '_/\_' representing prayer gesture,Direct,ACTION
finger shooting,(☞ﾟヮﾟ)☞,ASCII art '(☞ﾟヮﾟ)☞' representing finger shooting,Metaphorical,ACTION
shocked,:-O,ASCII art ':-O' representing shocked,Direct,EMOTION
many ats,@@@@@@,ASCII art '@@@@@@' representing many ats,Reduplication,OBJECT
star struck,*_*,ASCII art '*_*' representing star struck,Direct,EMOTION
broken heart,</3,ASCII art '</3' representing broken heart,Direct,OBJECT
cool dancing,ヾ(⌐■_■)ノ♪,ASCII art 'ヾ(⌐■_■)ノ♪' representing cool dancing,Metaphorical,ACTION
celebrating gesture,\o/,ASCII art '\o/' representing celebrating gesture,Direct,ACTION
wave pattern,~~ ~ ~~,ASCII art '~~ ~ ~~' representing wave pattern,Semantic List,OBJECT
shining star,*,ASCII art '*' representing shining star,Direct,OBJECT
ready to fight,(ง •̀_•́)ง,ASCII art '(ง •̀_•́)ง' representing ready to fight,Metaphorical,STATE
upset face,>:(,ASCII art '>:(' representing upset face,Direct,EMOTION
airplane symbol,✈,ASCII art '✈' representing airplane symbol,Single,OBJECT
pure happiness,＼(^o^)／,ASCII art '＼(^o^)／' representing pure happiness,Metaphorical,EMOTION
cool attitude,(⌐■_■),ASCII art '(⌐■_■)' representing cool attitude,Metaphorical,QUALITY
enraged expression,>:(,ASCII art '>:(' representing enraged expression,Direct,EMOTION
many percents,%%%%%%,ASCII art '%%%%%%' representing many percents,Reduplication,OBJECT
furious face,>:(,ASCII art '>:(' representing furious face,Direct,EMOTION
love,<3,ASCII art '<3' representing love,Direct,EMOTION
hash pattern,###,ASCII art '###' representing hash pattern,Direct,OBJECT
greeting wave,o/,ASCII art 'o/' representing greeting wave,Direct,ACTION
waving hand,o/,ASCII art 'o/' representing waving hand,Direct,ACTION
happy face,:),ASCII art ':)' representing happy face,Direct,EMOTION
tears flowing,T_T,ASCII art 'T_T' representing tears flowing,Direct,EMOTION
music note,♪,ASCII art '♪' representing music note,Single,OBJECT
many ups,^^^^^^,ASCII art '^^^^^^' representing many ups,Reduplication,ACTION
pointing back,☜(ﾟヮﾟ☜),ASCII art '☜(ﾟヮﾟ☜)' representing pointing back,Metaphorical,ACTION
cool gesture,(☞ﾟヮﾟ)☞,ASCII art '(☞ﾟヮﾟ)☞' representing cool gesture,Metaphorical,ACTION
angry face,>:(,ASCII art '>:(' representing angry face,Direct,EMOTION
android smile,(҂◡_◡),ASCII art '(҂◡_◡)' representing android smile,Metaphorical,QUALITY
crying sadly,(ಥ﹏ಥ),ASCII art '(ಥ﹏ಥ)' representing crying sadly,Metaphorical,EMOTION
long equals,======,ASCII art '======' representing long equals,Reduplication,OBJECT
tears of joy,ಥ_ಥ,ASCII art 'ಥ_ಥ' representing tears of joy,Metaphorical,EMOTION
neutral expression,:-|,ASCII art ':-|' representing neutral expression,Direct,EMOTION
surprised,:-O,ASCII art ':-O' representing surprised,Direct,EMOTION
broken love,</3,ASCII art '</3' representing broken love,Direct,OBJECT
both hands up,\o/,ASCII art '\o/' representing both hands up,Direct,ACTION
fast asleep,zzzzzz,ASCII art 'zzzzzz' representing fast asleep,Reduplication,STATE
wave pattern,~~~,ASCII art '~~~' representing wave pattern,Direct,OBJECT
x marks,XXX X X,ASCII art 'XXX X X' representing x marks,Semantic List,OBJECT
cute smile,(｡◕‿◕｡),ASCII art '(｡◕‿◕｡)' representing cute smile,Metaphorical,EMOTION
person celebrating,\o_,ASCII art '\o_' representing person celebrating,Direct,ACTION
flower girl,(◕‿◕✿),ASCII art '(◕‿◕✿)' representing flower girl,Metaphorical,QUALITY
jubilant,:D,ASCII art ':D' representing jubilant,Direct,EMOTION
box shape,[],ASCII art '[]' representing box shape,Direct,OBJECT
hand wave,o/,ASCII art 'o/' representing hand wave,Direct,ACTION
frowning,:-(,ASCII art ':-(' representing frowning,Direct,EMOTION
blowing kiss,( ˘ ³˘)♥,ASCII art '( ˘ ³˘)♥' representing blowing kiss,Metaphorical,ACTION
cross mark,✗,ASCII art '✗' representing cross mark,Single,QUALITY
mad face,>:(,ASCII art '>:(' representing mad face,Direct,EMOTION
ecstatic,:D,ASCII art ':D' representing ecstatic,Direct,EMOTION
crying pattern,TT T TT,ASCII art 'TT T TT' representing crying pattern,Semantic List,EMOTION
no idea,¯\_(ツ)_/¯,ASCII art '¯\_(ツ)_/¯' representing no idea,Metaphorical,STATE
wide eyed,(◉_◉),ASCII art '(◉_◉)' representing wide eyed,Metaphorical,STATE
bowing down,orz,ASCII art 'orz' representing bowing down,Direct,ACTION
person waving,_o/,ASCII art '_o/' representing person waving,Direct,ACTION
gentle grasp,ლ(╹◡╹ლ),ASCII art 'ლ(╹◡╹ლ)' representing gentle grasp,Metaphorical,ACTION
star pattern,*** ** *,ASCII art '*** ** *' representing star pattern,Semantic List,OBJECT
mounting confusion,??? ? ?,ASCII art '??? ? ?' representing mounting confusion,Semantic List,STATE
victory pose,\o/,ASCII art '\o/' representing victory pose,Direct,ACTION
excited arms,\o/,ASCII art '\o/' representing excited arms,Direct,ACTION
finger guns,(☞ﾟヮﾟ)☞,ASCII art '(☞ﾟヮﾟ)☞' representing finger guns,Metaphorical,ACTION
shocked face,:O,ASCII art ':O' representing shocked face,Direct,EMOTION
growing confusion,??? ? ?,ASCII art '??? ? ?' representing growing confusion,Semantic List,STATE
love icon,<3,ASCII art '<3' representing love icon,Direct,OBJECT
neutral observation,(•_•),ASCII art '(•_•)' representing neutral observation,Metaphorical,STATE
crushed heart,</3,ASCII art '</3' representing crushed heart,Direct,OBJECT
star symbol,*,ASCII art '*' representing star symbol,Direct,OBJECT
intense anger,(╬ಠ益ಠ),ASCII art '(╬ಠ益ಠ)' representing intense anger,Metaphorical,EMOTION
laughing loudly,XD,ASCII art 'XD' representing laughing loudly,Direct,EMOTION
many stars,******,ASCII art '******' representing many stars,Reduplication,OBJECT
concerned look,(ㆆ_ㆆ),ASCII art '(ㆆ_ㆆ)' representing concerned look,Metaphorical,EMOTION
cheerful face,:),ASCII art ':)' representing cheerful face,Direct,EMOTION
collected manner,(⌐■_■),ASCII art '(⌐■_■)' representing collected manner,Metaphorical,QUALITY
composed look,(⌐■_■),ASCII art '(⌐■_■)' representing composed look,Metaphorical,QUALITY
sobbing expression,T_T,ASCII art 'T_T' representing sobbing expression,Direct,EMOTION
playful tongue,:P,ASCII art ':P' representing playful tongue,Direct,EMOTION
diamond shape,<>,ASCII art '<>' representing diamond shape,Direct,OBJECT
music notes,♬,ASCII art '♬' representing music notes,Single,OBJECT
reverse arrows,<- <-- <---,ASCII art '<- <-- <---' representing reverse arrows,Semantic List,ACTION
disapproval stare,ಠ_ಠ,ASCII art 'ಠ_ಠ' representing disapproval stare,Metaphorical,EMOTION
unhappy face,:(,ASCII art ':(' representing unhappy face,Direct,EMOTION
circle pattern,ooo o o,ASCII art 'ooo o o' representing circle pattern,Semantic List,OBJECT
finger point,(☞ﾟヮﾟ)☞,ASCII art '(☞ﾟヮﾟ)☞' representing finger point,Metaphorical,ACTION
love symbol,♥,ASCII art '♥' representing love symbol,Single,EMOTION
star icon,*,ASCII art '*' representing star icon,Direct,OBJECT
creepy reach,(つ ͡° ͜ʖ ͡°)つ,ASCII art '(つ ͡° ͜ʖ ͡°)つ' representing creepy reach,Metaphorical,ACTION
ampersands,&&& & &,ASCII art '&&& & &' representing ampersands,Semantic List,OBJECT
adorable face,(◕‿◕),ASCII art '(◕‿◕)' representing adorable face,Metaphorical,EMOTION
carefree joy,ヽ(´▽`)/,ASCII art 'ヽ(´▽`)/' representing carefree joy,Metaphorical,EMOTION
unsure,¯\_(ツ)_/¯,ASCII art '¯\_(ツ)_/¯' representing unsure,Metaphorical,STATE
farewell wave,o/,ASCII art 'o/' representing farewell wave,Direct,ACTION
yin yang,☯,ASCII art '☯' representing yin yang,Single,OBJECT
thankful gesture,_/\_,ASCII art '_/\_' representing thankful gesture,Direct,ACTION
love heart,<3,ASCII art '<3' representing love heart,Direct,OBJECT
showing strength,ᕦ(ò_óˇ)ᕤ,ASCII art 'ᕦ(ò_óˇ)ᕤ' representing showing strength,Metaphorical,ACTION
respectful bow,orz,ASCII art 'orz' representing respectful bow,Direct,ACTION
slash pattern,// / //,ASCII art '// / //' representing slash pattern,Semantic List,OBJECT
happy eyes,^_^,ASCII art '^_^' representing happy eyes,Direct,EMOTION
continuous laughing,lolololol,ASCII art 'lolololol' representing continuous laughing,Reduplication,EMOTION
pointing fingers,(☞ﾟヮﾟ)☞,ASCII art '(☞ﾟヮﾟ)☞' representing pointing fingers,Metaphorical,ACTION
extreme frustration,(╯°□°）╯︵ ┻━┻,ASCII art '(╯°□°）╯︵ ┻━┻' representing extreme frustration,Metaphorical,EMOTION
envelope symbol,✉,ASCII art '✉' representing envelope symbol,Single,OBJECT
group sadness,:( :( :(,ASCII art ':( :( :(' representing group sadness,Semantic List,EMOTION
wavy line,~~~~~~,ASCII art '~~~~~~' representing wavy line,Reduplication,OBJECT
adding more,+++ + +,ASCII art '+++ + +' representing adding more,Semantic List,ACTION
escalating confusion,??? ? ?,ASCII art '??? ? ?' representing escalating confusion,Semantic List,STATE
increasing confusion,??? ? ?,ASCII art '??? ? ?' representing increasing confusion,Semantic List,STATE
weeping face,T_T,ASCII art 'T_T' representing weeping face,Direct,EMOTION
dancing happily,〜(￣▽￣〜),ASCII art '〜(￣▽￣〜)' representing dancing happily,Metaphorical,ACTION
confused look,o_O,ASCII art 'o_O' representing confused look,Direct,EMOTION
smiling,:-),ASCII art ':-)' representing smiling,Direct,EMOTION
strong will,(๑•̀ㅂ•́)و✧,ASCII art '(๑•̀ㅂ•́)و✧' representing strong will,Metaphorical,QUALITY
bracket types,[ ] { } ( ),ASCII art '[ ] { } ( )' representing bracket types,Semantic List,OBJECT
circle shape,o,ASCII art 'o' representing circle shape,Direct,OBJECT
guffawing,XD,ASCII art 'XD' representing guffawing,Direct,EMOTION
club suit,♣,ASCII art '♣' representing club suit,Single,OBJECT
taken aback,:-O,ASCII art ':-O' representing taken aback,Direct,EMOTION
crying eyes,T_T,ASCII art 'T_T' representing crying eyes,Direct,EMOTION
long line,------,ASCII art '------' representing long line,Reduplication,OBJECT
annoyed expression,-_-,ASCII art '-_-' representing annoyed expression,Direct,EMOTION
amazed,:-O,ASCII art ':-O' representing amazed,Direct,EMOTION
downcast expression,:(,ASCII art ':(' representing downcast expression,Direct,EMOTION
total confusion,?????,ASCII art '?????' representing total confusion,Reduplication,STATE
backslash pattern,\\ \ \\,ASCII art '\\ \ \\' representing backslash pattern,Semantic List,OBJECT
tearful face,:(,ASCII art ':(' representing tearful face,Direct,EMOTION
smiling face,:),ASCII art ':)' representing smiling face,Direct,EMOTION
heart symbol,<3,ASCII art '<3' representing heart symbol,Direct,OBJECT
pleading hands,_/\_,ASCII art '_/\_' representing pleading hands,Direct,ACTION
deep sleep,zzzzzz,ASCII art 'zzzzzz' representing deep sleep,Reduplication,STATE
sound sleep,zzzzzz,ASCII art 'zzzzzz' representing sound sleep,Reduplication,STATE
crying face,T_T,ASCII art 'T_T' representing crying face,Direct,EMOTION
reverent bow,orz,ASCII art 'orz' representing reverent bow,Direct,ACTION
irritated look,>:(,ASCII art '>:(' representing irritated look,Direct,EMOTION
do not know,¯\_(ツ)_/¯,ASCII art '¯\_(ツ)_/¯' representing do not know,Metaphorical,STATE
hashtag emphasis,### # #,ASCII art '### # #' representing hashtag emphasis,Semantic List,OBJECT
slumbering,zzzzzz,ASCII art 'zzzzzz' representing slumbering,Reduplication,STATE
up and down,^^^ vvv,ASCII art '^^^ vvv' representing up and down,Semantic List,ACTION
bar pattern,|| | ||,ASCII art '|| | ||' representing bar pattern,Semantic List,OBJECT
sad face,:(,ASCII art ':(' representing sad face,Direct,EMOTION
hands on head,/o\,ASCII art '/o\' representing hands on head,Direct,ACTION
raising hand,\o,ASCII art '\o' representing raising hand,Direct,ACTION
hearty laugh,XD,ASCII art 'XD' representing hearty laugh,Direct,EMOTION
putting table back,┬─┬ノ( º _ ºノ),ASCII art '┬─┬ノ( º _ ºノ)' representing putting table back,Metaphorical,ACTION
cool demeanor,(⌐■_■),ASCII art '(⌐■_■)' representing cool demeanor,Metaphorical,QUALITY
offering hug,(っ◔◡◔)っ,ASCII art '(っ◔◡◔)っ' representing offering hug,Metaphorical,ACTION
ellipsis pattern,.. . ..,ASCII art '.. . ..' representing ellipsis pattern,Semantic List,STATE
east arrow,-->,ASCII art '-->' representing east arrow,Direct,OBJECT
cheering arms,\o/,ASCII art '\o/' representing cheering arms,Direct,ACTION
romantic heart,<3,ASCII art '<3' representing romantic heart,Direct,OBJECT
don't know,¯\_(ツ)_/¯,ASCII art '¯\_(ツ)_/¯' representing don't know,Metaphorical,STATE
pleased expression,:),ASCII art ':)' representing pleased expression,Direct,EMOTION
clueless,¯\_(ツ)_/¯,ASCII art '¯\_(ツ)_/¯' representing clueless,Metaphorical,STATE
sorrowful face,:(,ASCII art ':(' representing sorrowful face,Direct,EMOTION
three stars,* * *,ASCII art '* * *' representing three stars,Semantic List,OBJECT
humble gesture,orz,ASCII art 'orz' representing humble gesture,Direct,ACTION
laughing sound,hahahahaha,ASCII art 'hahahahaha' representing laughing sound,Reduplication,EMOTION
steadfast spirit,(๑•̀ㅂ•́)و✧,ASCII art '(๑•̀ㅂ•́)و✧' representing steadfast spirit,Metaphorical,QUALITY
unwavering resolve,(๑•̀ㅂ•́)و✧,ASCII art '(๑•̀ㅂ•́)و✧' representing unwavering resolve,Metaphorical,QUALITY
fading lines,--- - -,ASCII art '--- - -' representing fading lines,Semantic List,OBJECT
sad symbol,☹,ASCII art '☹' representing sad symbol,Single,EMOTION
startled,:-O,ASCII art ':-O' representing startled,Direct,EMOTION
neutral face,:|,ASCII art ':|' representing neutral face,Direct,EMOTION
umbrella symbol,☂,ASCII art '☂' representing umbrella symbol,Single,OBJECT
grateful hands,_/\_,ASCII art '_/\_' representing grateful hands,Direct,ACTION
cloud symbol,☁,ASCII art '☁' representing cloud symbol,Single,OBJECT
diamond suit,♦,ASCII art '♦' representing diamond suit,Single,OBJECT
friendly wave,o/,ASCII art 'o/' representing friendly wave,Direct,ACTION
arrow right,-->,ASCII art '-->' representing arrow right,Direct,OBJECT
hands raised,\o/,ASCII art '\o/' representing hands raised,Direct,ACTION
strong right,>>>>>>,ASCII art '>>>>>>' representing strong right,Reduplication,ACTION
table flip rage,(ノಠ益ಠ)ノ彡┻━┻,ASCII art '(ノಠ益ಠ)ノ彡┻━┻' representing table flip rage,Metaphorical,EMOTION
melancholy face,:(,ASCII art ':(' representing melancholy face,Direct,EMOTION
prostration,orz,ASCII art 'orz' representing prostration,Direct,ACTION
love struck,(｡♥‿♥｡),ASCII art '(｡♥‿♥｡)' representing love struck,Metaphorical,EMOTION
snoring,zzzzzz,ASCII art 'zzzzzz' representing snoring,Reduplication,STATE
laughing hard,XD,ASCII art 'XD' representing laughing hard,Direct,EMOTION
content face,:),ASCII art ':)' representing content face,Direct,EMOTION
hello gesture,o/,ASCII art 'o/' representing hello gesture,Direct,ACTION
sun,☀,ASCII art '☀' representing sun,Single,OBJECT
loving face,(｡♥‿♥｡),ASCII art '(｡♥‿♥｡)' representing loving face,Metaphorical,EMOTION
many ands,&&&&&&,ASCII art '&&&&&&' representing many ands,Reduplication,OBJECT
elated,:D,ASCII art ':D' representing elated,Direct,EMOTION
cheeky wink,;),ASCII art ';)' representing cheeky wink,Direct,EMOTION
hands together,_/\_,ASCII art '_/\_' representing hands together,Direct,ACTION
cat face,(=^･ω･^=),ASCII art '(=^･ω･^=)' representing cat face,Metaphorical,OBJECT
looking up repeatedly,^^^ ^^^ ^^^,ASCII art '^^^ ^^^ ^^^' representing looking up repeatedly,Semantic List,ACTION
bright star,*,ASCII art '*' representing bright star,Direct,OBJECT
pointing right,-->,ASCII art '-->' representing pointing right,Direct,OBJECT
arrow up,^,ASCII art '^' representing arrow up,Direct,OBJECT
plus signs,+++,ASCII art '+++' representing plus signs,Direct,OBJECT
heavy emphasis,######,ASCII art '######' representing heavy emphasis,Reduplication,OBJECT
winking eye,;),ASCII art ';)' representing winking eye,Direct,EMOTION
right arrow,-->,ASCII art '-->' representing right arrow,Direct,OBJECT
parentheses,(),ASCII art '()' representing parentheses,Direct,OBJECT
smiley face,☺,ASCII art '☺' representing smiley face,Single,EMOTION
trailing off,... . . .,ASCII art '... . . .' representing trailing off,Semantic List,STATE
extremely happy,:D,ASCII art ':D' representing extremely happy,Direct,EMOTION
winking,;),ASCII art ';)' representing winking,Direct,EMOTION
joyful face,:),ASCII art ':)' representing joyful face,Direct,EMOTION
dancing to music,┌(・。・)┘♪,ASCII art '┌(・。・)┘♪' representing dancing to music,Metaphorical,ACTION
dots pattern,...,ASCII art '...' representing dots pattern,Direct,OBJECT
squinting eyes,>_<,ASCII art '>_<' representing squinting eyes,Direct,ACTION
lots of money,$$$$$$,ASCII art '$$$$$$' representing lots of money,Reduplication,OBJECT
increasing excitement,!!! ! !,ASCII art '!!! ! !' representing increasing excitement,Semantic List,EMOTION
dizzy face,@_@,ASCII art '@_@' representing dizzy face,Direct,EMOTION
horizontal line,___,ASCII art '___' representing horizontal line,Direct,OBJECT
arrow down,v,ASCII art 'v' representing arrow down,Direct,OBJECT
star shape,*,ASCII art '*' representing star shape,Direct,OBJECT
astonished,:-O,ASCII art ':-O' representing astonished,Direct,EMOTION
shattered heart,</3,ASCII art '</3' representing shattered heart,Direct,OBJECT
triple excitement,!!! !!! !!!,ASCII art '!!! !!! !!!' representing triple excitement,Semantic List,EMOTION
rightward arrow,-->,ASCII art '-->' representing rightward arrow,Direct,OBJECT
arrow progression,-> --> --->,ASCII art '-> --> --->' representing arrow progression,Semantic List,ACTION
money symbols,$$$ $ $,ASCII art '$$$ $ $' representing money symbols,Semantic List,OBJECT
sunglasses face,B),ASCII art 'B)' representing sunglasses face,Direct,EMOTION
equal signs,===,ASCII art '===' representing equal signs,Direct,OBJECT
tearful eyes,T_T,ASCII art 'T_T' representing tearful eyes,Direct,EMOTION
confused face,:/,ASCII art ':/' representing confused face,Direct,EMOTION
peace symbol,☮,ASCII art '☮' representing peace symbol,Single,OBJECT
shock and confusion,!!! ???,ASCII art '!!! ???' representing shock and confusion,Semantic List,STATE
spade suit,♠,ASCII art '♠' representing spade suit,Single,OBJECT
sly wink,;),ASCII art ';)' representing sly wink,Direct,EMOTION
sleeping deeply,zzzzzz,ASCII art 'zzzzzz' representing sleeping deeply,Reduplication,STATE
hot springs,♨,ASCII art '♨' representing hot springs,Single,OBJECT
filled star,★,ASCII art '★' representing filled star,Single,OBJECT
check mark,✓,ASCII art '✓' representing check mark,Single,QUALITY
many downs,vvvvvv,ASCII art 'vvvvvv' representing many downs,Reduplication,ACTION
serious face,(｀・ω・´),ASCII art '(｀・ω・´)' representing serious face,Metaphorical,EMOTION
musical note,♫,ASCII art '♫' representing musical note,Single,OBJECT
hollow star,☆,ASCII art '☆' representing hollow star,Single,OBJECT
playful wink,;),ASCII art ';)' representing playful wink,Direct,EMOTION
cloud,☁,ASCII art '☁' representing cloud,Single,OBJECT
cool face,8),ASCII art '8)' representing cool face,Direct,EMOTION
gentle smile,(｡◕‿◕｡),ASCII art '(｡◕‿◕｡)' representing gentle smile,Metaphorical,EMOTION
joyful celebration,╰(°▽°)╯,ASCII art '╰(°▽°)╯' representing joyful celebration,Metaphorical,EMOTION
beaming grin,:-D,ASCII art ':-D' representing beaming grin,Direct,EMOTION
toothy grin,:-D,ASCII art ':-D' representing toothy grin,Direct,EMOTION
huge grin,:-D,ASCII art ':-D' representing huge grin,Direct,EMOTION
broad grin,:-D,ASCII art ':-D' representing broad grin,Direct,EMOTION
sticking tongue,:-P,ASCII art ':-P' representing sticking tongue,Direct,EMOTION
playful tease,:-P,ASCII art ':-P' representing playful tease,Direct,EMOTION
tongue out smile,:-P,ASCII art ':-P' representing tongue out smile,Direct,EMOTION
cheeky tongue,:-p,ASCII art ':-p' representing cheeky tongue,Direct,EMOTION
teasing tongue,:-p,ASCII art ':-p' representing teasing tongue,Direct,EMOTION
silly tongue,:p,ASCII art ':p' representing silly tongue,Direct,EMOTION
mischievous tongue,:p,ASCII art ':p' representing mischievous tongue,Direct,EMOTION
tongue left,:b,ASCII art ':b' representing tongue left,Direct,EMOTION
goofy tongue,:b,ASCII art ':b' representing goofy tongue,Direct,EMOTION
playful tongue left,:-b,ASCII art ':-b' representing playful tongue left,Direct,EMOTION
small surprise,:o,ASCII art ':o' representing small surprise,Direct,EMOTION
round mouth shock,:o,ASCII art ':o' representing round mouth shock,Direct,EMOTION
open surprise,:0,ASCII art ':0' representing open surprise,Direct,EMOTION
wide open shock,:0,ASCII art ':0' representing wide open shock,Direct,EMOTION
startled mouth,:-o,ASCII art ':-o' representing startled mouth,Direct,EMOTION
gasping face,:-o,ASCII art ':-o' representing gasping face,Direct,EMOTION
mixed up face,:s,ASCII art ':s' representing mixed up face,Direct,EMOTION
twisted grimace,:s,ASCII art ':s' representing twisted grimace,Direct,EMOTION
uneasy grimace,:S,ASCII art ':S' representing uneasy grimace,Direct,EMOTION
awkward grimace,:S,ASCII art ':S' representing awkward grimace,Direct,EMOTION
embarrassed blush,:$,ASCII art ':$' representing embarrassed blush,Direct,EMOTION
flustered face,:$,ASCII art ':$' representing flustered face,Direct,EMOTION
skeptical look,:-/,ASCII art ':-/' representing skeptical look,Direct,EMOTION
wry doubt,:-/,ASCII art ':-/' representing wry doubt,Direct,EMOTION
unsure grimace,:\,ASCII art ':\' representing unsure grimace,Direct,EMOTION
wry confusion,:\,ASCII art ':\' representing wry confusion,Direct,EMOTION
conflicted look,:-\,ASCII art ':-\' representing conflicted look,Direct,EMOTION
crying frown,:'(,ASCII art ':'(' representing crying frown,Direct,EMOTION
tearful frown,:'(,ASCII art ':'(' representing tearful frown,Direct,EMOTION
weeping frown,:'(,ASCII art ':'(' representing weeping frown,Direct,EMOTION
sobbing frown,:'-(,ASCII art ':'-(' representing sobbing frown,Direct,EMOTION
teary frown,:'-(,ASCII art ':'-(' representing teary frown,Direct,EMOTION
tears of relief,:'),ASCII art ':')' representing tears of relief,Direct,EMOTION
happy tears face,:'),ASCII art ':')' representing happy tears face,Direct,EMOTION
classic wink,;-),ASCII art ';-)' representing classic wink,Direct,EMOTION
knowing wink,;-),ASCII art ';-)' representing knowing wink,Direct,EMOTION
winking grin,;D,ASCII art ';D' representing winking grin,Direct,EMOTION
playful winking grin,;D,ASCII art ';D' representing playful winking grin,Direct,EMOTION
winking tongue,;P,ASCII art ';P' representing winking tongue,Direct,EMOTION
teasing wink,;P,ASCII art ';P' representing teasing wink,Direct,EMOTION
cat smile,:3,ASCII art ':3' representing cat smile,Direct,EMOTION
cute cat mouth,:3,ASCII art ':3' representing cute cat mouth,Direct,EMOTION
nyan smile,:3,ASCII art ':3' representing nyan smile,Direct,EMOTION
catty smile,:-3,ASCII art ':-3' representing catty smile,Direct,EMOTION
kiss mark,:*,ASCII art ':*' representing kiss mark,Direct,EMOTION
blowing a kiss,:*,ASCII art ':*' representing blowing a kiss,Direct,EMOTION
lip kiss,:*,ASCII art ':*' representing lip kiss,Direct,EMOTION
smooch face,:-*,ASCII art ':-*' representing smooch face,Direct,EMOTION
kissing face,:-*,ASCII art ':-*' representing kissing face,Direct,EMOTION
closed eye laugh,xD,ASCII art 'xD' representing closed eye laugh,Direct,EMOTION
cracked up laugh,xD,ASCII art 'xD' representing cracked up laugh,Direct,EMOTION
tiny laugh burst,xd,ASCII art 'xd' representing tiny laugh burst,Direct,EMOTION
anguished cry,DX,ASCII art 'DX' representing anguished cry,Direct,EMOTION
pained shout,DX,ASCII art 'DX' representing pained shout,Direct,EMOTION
sealed lips,:X,ASCII art ':X' representing sealed lips,Direct,EMOTION
zipped mouth,:X,ASCII art ':X' representing zipped mouth,Direct,EMOTION
lips sealed,:-X,ASCII art ':-X' representing lips sealed,Direct,EMOTION
secret kept,:-X,ASCII art ':-X' representing secret kept,Direct,EMOTION
quiet mouth,:x,ASCII art ':x' representing quiet mouth,Direct,EMOTION
muted lips,:x,ASCII art ':x' representing muted lips,Direct,EMOTION
braced teeth,:#,ASCII art ':#' representing braced teeth,Direct,EMOTION
clenched teeth,:#,ASCII art ':#' representing clenched teeth,Direct,EMOTION
gritted teeth,:-#,ASCII art ':-#' representing gritted teeth,Direct,EMOTION
screaming face,:@,ASCII art ':@' representing screaming face,Direct,EMOTION
enraged scream,:@,ASCII art ':@' representing enraged scream,Direct,EMOTION
yelling rage,:-@,ASCII art ':-@' representing yelling rage,Direct,EMOTION
evil smile,>:),ASCII art '>:)' representing evil smile,Direct,EMOTION
mischief grin,>:),ASCII art '>:)' representing mischief grin,Direct,EMOTION
devilish smile,>:),ASCII art '>:)' representing devilish smile,Direct,EMOTION
maniac grin,>:D,ASCII art '>:D' representing maniac grin,Direct,EMOTION
wicked laugh,>:D,ASCII art '>:D' representing wicked laugh,Direct,EMOTION
taunting tongue,>:P,ASCII art '>:P' representing taunting tongue,Direct,EMOTION
angel smile,0:),ASCII art '0:)' representing angel smile,Direct,EMOTION
innocent halo smile,0:),ASCII art '0:)' representing innocent halo smile,Direct,EMOTION
halo face,O:),ASCII art 'O:)' representing halo face,Direct,EMOTION
saintly smile,O:),ASCII art 'O:)' representing saintly smile,Direct,EMOTION
horned smile,3:),ASCII art '3:)' representing horned smile,Direct,EMOTION
devil smile,3:),ASCII art '3:)' representing devil smile,Direct,EMOTION
boxy smile,:],ASCII art ':]' representing boxy smile,Direct,EMOTION
square smile,:],ASCII art ':]' representing square smile,Direct,EMOTION
neat square smile,:-],ASCII art ':-]' representing neat square smile,Direct,EMOTION
curly smile,:},ASCII art ':}' representing curly smile,Direct,EMOTION
wry curly smile,:-},ASCII art ':-}' representing wry curly smile,Direct,EMOTION
smug smirk,:>,ASCII art ':>' representing smug smirk,Direct,EMOTION
lopsided smirk,:>,ASCII art ':>' representing lopsided smirk,Direct,EMOTION
sly smirk,:->,ASCII art ':->' representing sly smirk,Direct,EMOTION
pouting frown,:c,ASCII art ':c' representing pouting frown,Direct,EMOTION
downturned pout,:c,ASCII art ':c' representing downturned pout,Direct,EMOTION
big pout,:C,ASCII art ':C' representing big pout,Direct,EMOTION
wide frown,:C,ASCII art ':C' representing wide frown,Direct,EMOTION
square frown,:[,ASCII art ':[' representing square frown,Direct,EMOTION
sad square face,:-[,ASCII art ':-[' representing sad square face,Direct,EMOTION
sad angle,:<,ASCII art ':<' representing sad angle,Direct,EMOTION
downcast angle,:<,ASCII art ':<' representing downcast angle,Direct,EMOTION
horrified face,D=,ASCII art 'D=' representing horrified face,Direct,EMOTION
aghast look,D=,ASCII art 'D=' representing aghast look,Direct,EMOTION
left shocked face,D-:,ASCII art 'D-:' representing left shocked face,Direct,EMOTION
glasses smile,8-),ASCII art '8-)' representing glasses smile,Direct,EMOTION
nerd smile,8-),ASCII art '8-)' representing nerd smile,Direct,EMOTION
wide glasses grin,8D,ASCII art '8D' representing wide glasses grin,Direct,EMOTION
cool shades smile,B-),ASCII art 'B-)' representing cool shades smile,Direct,EMOTION
shades wide grin,B-D,ASCII art 'B-D' representing shades wide grin,Direct,EMOTION
winking caret,^_~,ASCII art '^_~' representing winking caret,Direct,EMOTION
caret wink,^_~,ASCII art '^_~' representing caret wink,Direct,EMOTION
left wink caret,~_^,ASCII art '~_^' representing left wink caret,Direct,EMOTION
happy sparks,^^,ASCII art '^^' representing happy sparks,Direct,EMOTION
spark eyes,^^,ASCII art '^^' representing spark eyes,Direct,EMOTION
soft caret smile,^-^,ASCII art '^-^' representing soft caret smile,Direct,EMOTION
tiny spark smile,^.^,ASCII art '^.^' representing tiny spark smile,Direct,EMOTION
open happy eyes,^o^,ASCII art '^o^' representing open happy eyes,Direct,EMOTION
round happy eyes,^0^,ASCII art '^0^' representing round happy eyes,Direct,EMOTION
kissy caret,^3^,ASCII art '^3^' representing kissy caret,Direct,EMOTION
closed content eyes,n_n,ASCII art 'n_n' representing closed content eyes,Direct,EMOTION
tired closed eyes,u_u,ASCII art 'u_u' representing tired closed eyes,Direct,EMOTION
droopy eyes,u_u,ASCII art 'u_u' representing droopy eyes,Direct,EMOTION
sleepy dots,u.u,ASCII art 'u.u' representing sleepy dots,Direct,EMOTION
downcast v eyes,v_v,ASCII art 'v_v' representing downcast v eyes,Direct,EMOTION
unimpressed dots,-.-,ASCII art '-.-' representing unimpressed dots,Direct,EMOTION
flat stare,=.=,ASCII art '=.=' representing flat stare,Direct,EMOTION
blank equals stare,= =,ASCII art '= =' representing blank equals stare,Direct,EMOTION
dizzy swirl eyes,~_~,ASCII art '~_~' representing dizzy swirl eyes,Direct,EMOTION
woozy eyes,~.~,ASCII art '~.~' representing woozy eyes,Direct,EMOTION
knockout eyes,+_+,ASCII art '+_+' representing knockout eyes,Direct,EMOTION
deadpan plus eyes,+_+,ASCII art '+_+' representing deadpan plus eyes,Direct,EMOTION
knocked out,x_x,ASCII art 'x_x' representing knocked out,Direct,EMOTION
passed out face,x_x,ASCII art 'x_x' representing passed out face,Direct,EMOTION
dead eyes,X_X,ASCII art 'X_X' representing dead eyes,Direct,EMOTION
ko face,X_X,ASCII art 'X_X' representing ko face,Direct,EMOTION
dizzy cross eyes,x.x,ASCII art 'x.x' representing dizzy cross eyes,Direct,EMOTION
dot tears,;_;,ASCII art ';_;' representing dot tears,Direct,EMOTION
quiet crying,;_;,ASCII art ';_;' representing quiet crying,Direct,EMOTION
colon tears,:_;,ASCII art ':_;' representing colon tears,Direct,EMOTION
dotted tears,T.T,ASCII art 'T.T' representing dotted tears,Direct,EMOTION
round tear eyes,ToT,ASCII art 'ToT' representing round tear eyes,Direct,EMOTION
heavy tears,TT_TT,ASCII art 'TT_TT' representing heavy tears,Direct,EMOTION
stream tears,Q_Q,ASCII art 'Q_Q' representing stream tears,Direct,EMOTION
wailing eyes,Q_Q,ASCII art 'Q_Q' representing wailing eyes,Direct,EMOTION
small wail,q_q,ASCII art 'q_q' representing small wail,Direct,EMOTION
cringing face,>.<,ASCII art '>.<' representing cringing face,Direct,EMOTION
squeezing eyes,>.<,ASCII art '>.<' representing squeezing eyes,Direct,EMOTION
looking aside right,>.>,ASCII art '>.>' representing looking aside right,Direct,EMOTION
looking aside left,<.<,ASCII art '<.<' representing looking aside left,Direct,EMOTION
side glance right,>_>,ASCII art '>_>' representing side glance right,Direct,EMOTION
side glance left,<_<,ASCII art '<_<' representing side glance left,Direct,EMOTION
raised brow shock,o.O,ASCII art 'o.O' representing raised brow shock,Direct,EMOTION
left brow shock,O.o,ASCII art 'O.o' representing left brow shock,Direct,EMOTION
staring shock,O.O,ASCII art 'O.O' representing staring shock,Direct,EMOTION
round stare,0_0,ASCII art '0_0' representing round stare,Direct,EMOTION
tiny round stare,0.0,ASCII art '0.0' representing tiny round stare,Direct,EMOTION
starry open eyes,*o*,ASCII art '*o*' representing starry open eyes,Direct,EMOTION
dazzled stars,*-*,ASCII art '*-*' representing dazzled stars,Direct,EMOTION
money eyes,$_$,ASCII art '$_$' representing money eyes,Direct,EMOTION
greedy eyes,$_$,ASCII art '$_$' representing greedy eyes,Direct,EMOTION
nosy smile,:^),ASCII art ':^)' representing nosy smile,Direct,EMOTION
pointy nose smile,:^),ASCII art ':^)' representing pointy nose smile,Direct,EMOTION
pacman mouth,:v,ASCII art ':v' representing pacman mouth,Direct,EMOTION
shouting v,:v,ASCII art ':v' representing shouting v,Direct,EMOTION
big shout mouth,:V,ASCII art ':V' representing big shout mouth,Direct,EMOTION
stone glasses face,8|,ASCII art '8|' representing stone glasses face,Direct,EMOTION
deadpan glasses,8-|,ASCII art '8-|' representing deadpan glasses,Direct,EMOTION
angry distress,D:<,ASCII art 'D:<' representing angry distress,Direct,EMOTION
pout with nose,:-c,ASCII art ':-c' representing pout with nose,Direct,EMOTION
tongue tied,:&,ASCII art ':&' representing tongue tied,Direct,EMOTION
speechless grimace,:-&,ASCII art ':-&' representing speechless grimace,Direct,EMOTION
heartbroken feeling,</3,ASCII art '</3' representing heartbroken feeling,Direct,EMOTION
classic smile,:-),ASCII art ':-)' representing classic smile,Direct,EMOTION
nose smile,:-),ASCII art ':-)' representing nose smile,Direct,EMOTION
big equal grin,=D,ASCII art '=D' representing big equal grin,Direct,EMOTION
beaming equal,=D,ASCII art '=D' representing beaming equal,Direct,EMOTION
equal tongue,=P,ASCII art '=P' representing equal tongue,Direct,EMOTION
equal frown,=(,ASCII art '=(' representing equal frown,Direct,EMOTION
equal skeptical,=/,ASCII art '=/' representing equal skeptical,Direct,EMOTION
equal blank,=|,ASCII art '=|' representing equal blank,Direct,EMOTION
indifferent face,:-I,ASCII art ':-I' representing indifferent face,Direct,EMOTION
straight face,:I,ASCII art ':I' representing straight face,Direct,EMOTION
thin mouth,:l,ASCII art ':l' representing thin mouth,Direct,EMOTION
leftward grin,d:,ASCII art 'd:' representing leftward grin,Direct,EMOTION
left tongue,q:,ASCII art 'q:' representing left tongue,Direct,EMOTION
lopsided mouth,:L,ASCII art ':L' representing lopsided mouth,Direct,EMOTION
roaring laugh,XD,ASCII art 'XD' representing roaring laugh,Direct,EMOTION
playful tease face,:P,ASCII art ':P' representing playful tease face,Direct,EMOTION
gasp of surprise,:O,ASCII art ':O' representing gasp of surprise,Direct,EMOTION
poker face,:|,ASCII art ':|' representing poker face,Direct,EMOTION
mixed feelings,:/,ASCII art ':/' representing mixed feelings,Direct,EMOTION
flirty wink,;),ASCII art ';)' representing flirty wink,Direct,EMOTION
easy smile,=),ASCII art '=)' representing easy smile,Direct,EMOTION
dismayed face,D:,ASCII art 'D:' representing dismayed face,Direct,EMOTION
shades grin,8),ASCII art '8)' representing shades grin,Direct,EMOTION
cool guy face,B),ASCII art 'B)' representing cool guy face,Direct,EMOTION
spiral dizzy,@_@,ASCII art '@_@' representing spiral dizzy,Direct,EMOTION
content caret eyes,^_^,ASCII art '^_^' representing content caret eyes,Direct,EMOTION
side eyed shock,o_O,ASCII art 'o_O' representing side eyed shock,Direct,EMOTION
done with this,-_-,ASCII art '-_-' representing done with this,Direct,EMOTION
simple smile,:),ASCII art ':)' representing simple smile,Direct,EMOTION
simple frown,:(,ASCII art ':(' representing simple frown,Direct,EMOTION
open grin,:D,ASCII art ':D' representing open grin,Direct,EMOTION
angry scowl,>:(,ASCII art '>:(' representing angry scowl,Direct,EMOTION
letter tears,T_T,ASCII art 'T_T' representing letter tears,Direct,EMOTION
starry smile combo,*_*:),ASCII art '*_*:)' representing starry smile combo,Direct,EMOTION
left happy mouth,c:,ASCII art 'c:' representing left happy mouth,Direct,EMOTION
pirate smile,:c),ASCII art ':c)' representing pirate smile,Direct,EMOTION
drunk smile,%-),ASCII art '%-)' representing drunk smile,Direct,EMOTION
dazed smile,%-),ASCII art '%-)' representing dazed smile,Direct,EMOTION
pipe smoker,:-?,ASCII art ':-?' representing pipe smoker,Direct,EMOTION
thinking pipe,:-?,ASCII art ':-?' representing thinking pipe,Direct,EMOTION
surprised nose,:^o,ASCII art ':^o' representing surprised nose,Direct,EMOTION
glasses huge grin,8-D,ASCII art '8-D' representing glasses huge grin,Direct,EMOTION
vampire fangs,:-E,ASCII art ':-E' representing vampire fangs,Direct,EMOTION
fanged grin,:E,ASCII art ':E' representing fanged grin,Direct,EMOTION
wry seven mouth,:-7,ASCII art ':-7' representing wry seven mouth,Direct,EMOTION
smirk seven,:7,ASCII art ':7' representing smirk seven,Direct,EMOTION
tongue in cheek,:-J,ASCII art ':-J' representing tongue in cheek,Direct,EMOTION
sidetongue smirk,:J,ASCII art ':J' representing sidetongue smirk,Direct,EMOTION
cross mouth,:-t,ASCII art ':-t' representing cross mouth,Direct,EMOTION
tight lips,:t,ASCII art ':t' representing tight lips,Direct,EMOTION
lopsided tongue,:-d,ASCII art ':-d' representing lopsided tongue,Direct,EMOTION
clown nose smile,:o),ASCII art ':o)' representing clown nose smile,Direct,EMOTION
clown nose frown,:o(,ASCII art ':o(' representing clown nose frown,Direct,EMOTION
robot face,[:],ASCII art '[:]' representing robot face,Direct,OBJECT
square robot,[:],ASCII art '[:]' representing square robot,Direct,OBJECT
tiny heart,<3,ASCII art '<3' representing tiny heart,Direct,OBJECT
double heart,<33,ASCII art '<33' representing double heart,Direct,OBJECT
two hearts,<33,ASCII art '<33' representing two hearts,Direct,OBJECT
triple heart,<333,ASCII art '<333' representing triple heart,Direct,OBJECT
many hearts,<333,ASCII art '<333' representing many hearts,Direct,OBJECT
twin hearts,♥♥,ASCII art '♥♥' representing twin hearts,Direct,OBJECT
long right arrow,-->,ASCII art '-->' representing long right arrow,Direct,OBJECT
long left arrow,<--,ASCII art '<--' representing long left arrow,Direct,OBJECT
bold right arrow,==>,ASCII art '==>' representing bold right arrow,Direct,OBJECT
bold left arrow,<==,ASCII art '<==' representing bold left arrow,Direct,OBJECT
implies arrow,=>,ASCII art '=>' representing implies arrow,Direct,OBJECT
left implies,<=,ASCII art '<=' representing left implies,Direct,OBJECT
mapped arrow,->>,ASCII art '->>' representing mapped arrow,Direct,OBJECT
left mapped arrow,<<-,ASCII art '<<-' representing left mapped arrow,Direct,OBJECT
double head arrow,->>,ASCII art '->>' representing double head arrow,Direct,OBJECT
caret up,^,ASCII art '^' representing caret up,Direct,OBJECT
vee down,v,ASCII art 'v' representing vee down,Direct,OBJECT
asterisk star,*,ASCII art '*' representing asterisk star,Direct,OBJECT
star burst,***,ASCII art '***' representing star burst,Direct,OBJECT
ellipsis dots,...,ASCII art '...' representing ellipsis dots,Direct,OBJECT
sparkle divider,***___***,ASCII art '***___***' representing sparkle divider,Direct,OBJECT
thumbs up icon,(Y),ASCII art '(Y)' representing thumbs up icon,Direct,OBJECT
thumbs down icon,(N),ASCII art '(N)' representing thumbs down icon,Direct,OBJECT
star in parens,(*),ASCII art '(*)' representing star in parens,Direct,OBJECT
love icon mark,(L),ASCII art '(L)' representing love icon mark,Direct,OBJECT
sunglasses icon,(H),ASCII art '(H)' representing sunglasses icon,Direct,OBJECT
angel icon,(A),ASCII art '(A)' representing angel icon,Direct,OBJECT
devil icon,(6),ASCII art '(6)' representing devil icon,Direct,OBJECT
rose icon,(F),ASCII art '(F)' representing rose icon,Direct,OBJECT
broken heart icon,(U),ASCII art '(U)' representing broken heart icon,Direct,OBJECT
kiss lips icon,(K),ASCII art '(K)' representing kiss lips icon,Direct,OBJECT
gift icon,(G),ASCII art '(G)' representing gift icon,Direct,OBJECT
mug icon,(B),ASCII art '(B)' representing mug icon,Direct,OBJECT
cup icon,(C),ASCII art '(C)' representing cup icon,Direct,OBJECT
camera icon,(P),ASCII art '(P)' representing camera icon,Direct,OBJECT
light bulb icon,(I),ASCII art '(I)' representing light bulb icon,Direct,OBJECT
wilted rose,(W),ASCII art '(W)' representing wilted rose,Direct,OBJECT
close box,(X),ASCII art '(X)' representing close box,Direct,OBJECT
empty checkbox,[ ],ASCII art '[ ]' representing empty checkbox,Direct,OBJECT
checked box,[x],ASCII art '[x]' representing checked box,Direct,OBJECT
minus box,[-],ASCII art '[-]' representing minus box,Direct,OBJECT
plus sign,+,ASCII art '+' representing plus sign,Direct,OBJECT
double plus,++,ASCII art '++' representing double plus,Direct,OBJECT
hash mark,#,ASCII art '#' representing hash mark,Direct,OBJECT
double hash,##,ASCII art '##' representing double hash,Direct,OBJECT
at mark,@,ASCII art '@' representing at mark,Direct,OBJECT
ampersand mark,&,ASCII art '&' representing ampersand mark,Direct,OBJECT
percent mark,%,ASCII art '%' representing percent mark,Direct,OBJECT
dollar mark,$,ASCII art '$' representing dollar mark,Direct,OBJECT
tilde wave,~,ASCII art '~' representing tilde wave,Direct,OBJECT
double tilde,~~,ASCII art '~~' representing double tilde,Direct,OBJECT
table glyph,_|_,ASCII art '_|_' representing table glyph,Direct,OBJECT
table equals,_=_,ASCII art '_=_' representing table equals,Direct,OBJECT
bar divider,-=-,ASCII art '-=-' representing bar divider,Direct,OBJECT
triple star,***,ASCII art '***' representing triple star,Direct,OBJECT
circle wave,oOo,ASCII art 'oOo' representing circle wave,Direct,OBJECT
round pair,(.)(.),ASCII art '(.)(.)' representing round pair,Direct,OBJECT
single dot parens,(.),ASCII art '(.)' representing single dot parens,Direct,OBJECT
circled box,[o],ASCII art '[o]' representing circled box,Direct,OBJECT
circled brace,{o},ASCII art '{o}' representing circled brace,Direct,OBJECT
diamond circle,<o>,ASCII art '<o>' representing diamond circle,Direct,OBJECT
double right chevron,>>,ASCII art '>>' representing double right chevron,Direct,OBJECT
double left chevron,<<,ASCII art '<<' representing double left chevron,Direct,OBJECT
triple right chevron,>>>,ASCII art '>>>' representing triple right chevron,Direct,OBJECT
triple left chevron,<<<,ASCII art '<<<' representing triple left chevron,Direct,OBJECT
bird silhouette,^v^,ASCII art '^v^' representing bird silhouette,Direct,OBJECT
fish emoji ascii,>^),ASCII art '>^)' representing fish emoji ascii,Direct,OBJECT
thin fish,>->,ASCII art '>->' representing thin fish,Direct,OBJECT
fish with tail,>=>,ASCII art '>=>' representing fish with tail,Direct,OBJECT
simple fish,<><,ASCII art '<><' representing simple fish,Direct,OBJECT
fish scales,>%%>,ASCII art '>%%>' representing fish scales,Direct,OBJECT
tilde orb,~o~,ASCII art '~o~' representing tilde orb,Direct,OBJECT
clown face,0=),ASCII art '0=)' representing clown face,Direct,OBJECT
mustache face,:-{},ASCII art ':-{}' representing mustache face,Direct,OBJECT
bearded smile,:{),ASCII art ':{)' representing bearded smile,Direct,OBJECT
collapsing bow,orz,ASCII art 'orz' representing collapsing bow,Direct,ACTION
defeat pose,orz,ASCII art 'orz' representing defeat pose,Direct,ACTION
fallen over,OTZ,ASCII art 'OTZ' representing fallen over,Direct,ACTION
collapsed figure,OTZ,ASCII art 'OTZ' representing collapsed figure,Direct,ACTION
kneeling figure,OTL,ASCII art 'OTL' representing kneeling figure,Direct,ACTION
crouching figure,sto,ASCII art 'sto' representing crouching figure,Direct,ACTION
man on knees,_|￣|○,ASCII art '_|￣|○' representing man on knees,Direct,ACTION
deep apology bow,m(_ _)m,ASCII art 'm(_ _)m' representing deep apology bow,Direct,ACTION
dogeza bow,m(_ _)m,ASCII art 'm(_ _)m' representing dogeza bow,Direct,ACTION
begging bow,m(_ _)m,ASCII art 'm(_ _)m' representing begging bow,Direct,ACTION
folded bow,<(_ _)>,ASCII art '<(_ _)>' representing folded bow,Direct,ACTION
hands down bow,_(._.)_,ASCII art '_(._.)_' representing hands down bow,Direct,ACTION
arms up cheer,\o/,ASCII art '\o/' representing arms up cheer,Direct,ACTION
one arm wave,\o,ASCII art '\o' representing one arm wave,Direct,ACTION
right hand wave,o/,ASCII art 'o/' representing right hand wave,Direct,ACTION
hands on head panic,/o\,ASCII art '/o\' representing hands on head panic,Direct,ACTION
leaning right,\o\,ASCII art '\o\' representing leaning right,Direct,ACTION
leaning left,/o/,ASCII art '/o/' representing leaning left,Direct,ACTION
waving from ground,_o/,ASCII art '_o/' representing waving from ground,Direct,ACTION
salute,o7,ASCII art 'o7' representing salute,Direct,ACTION
saluting,o7,ASCII art 'o7' representing saluting,Direct,ACTION
looking around,o-o,ASCII art 'o-o' representing looking around,Direct,ACTION
flex pose ascii,<(^_^)>,ASCII art '<(^_^)>' representing flex pose ascii,Direct,ACTION
robot arms,<(._.)>,ASCII art '<(._.)>' representing robot arms,Direct,ACTION
headphones on,d-_-b,ASCII art 'd-_-b' representing headphones on,Direct,ACTION
music headphones,d^_^b,ASCII art 'd^_^b' representing music headphones,Direct,ACTION
rock horns,\m/,ASCII art '\m/' representing rock horns,Direct,ACTION
metal horns,\m/,ASCII art '\m/' representing metal horns,Direct,ACTION
left rock horns,\m\,ASCII art '\m\' representing left rock horns,Direct,ACTION
heart you gesture,<3u,ASCII art '<3u' representing heart you gesture,Direct,ACTION
hugs and kisses,xoxo,ASCII art 'xoxo' representing hugs and kisses,Direct,ACTION
hugs kisses caps,XOXO,ASCII art 'XOXO' representing hugs kisses caps,Direct,ACTION
penguin waddle,"<("")","ASCII art '<("")' representing penguin waddle",Direct,ACTION
kirby pose,>(''')<,ASCII art '>(''')<' representing kirby pose,Direct,ACTION
kirby happy,<(^-^)>,ASCII art '<(^-^)>' representing kirby happy,Direct,ACTION
kirby look,<(o_o)<,ASCII art '<(o_o)<' representing kirby look,Direct,ACTION
kirby right,>(o_o)>,ASCII art '>(o_o)>' representing kirby right,Direct,ACTION
dizzy spin,~(@_@)~,ASCII art '~(@_@)~' representing dizzy spin,Direct,ACTION
swaying tired,~(-_-)~,ASCII art '~(-_-)~' representing swaying tired,Direct,ACTION
korean heart,s2,ASCII art 's2' representing korean heart,Direct,OBJECT
star struck eyes,*_*,ASCII art '*_*' representing star struck eyes,Direct,EMOTION
sunglass smile extra,8),ASCII art '8)' representing sunglass smile extra,Direct,EMOTION
crying qwq,qwq,ASCII art 'qwq' representing crying qwq,Direct,EMOTION
teary qwq,qwq,ASCII art 'qwq' representing teary qwq,Direct,EMOTION
big teary qwq,QwQ,ASCII art 'QwQ' representing big teary qwq,Direct,EMOTION
owo surprise,owo,ASCII art 'owo' representing owo surprise,Direct,EMOTION
owo face,owo,ASCII art 'owo' representing owo face,Direct,EMOTION
big owo,OwO,ASCII art 'OwO' representing big owo,Direct,EMOTION
uwu cute,uwu,ASCII art 'uwu' representing uwu cute,Direct,EMOTION
uwu face,uwu,ASCII art 'uwu' representing uwu face,Direct,EMOTION
big uwu,UwU,ASCII art 'UwU' representing big uwu,Direct,EMOTION
squeezing uwu,>w<,ASCII art '>w<' representing squeezing uwu,Direct,EMOTION
closed uwu,-w-,ASCII art '-w-' representing closed uwu,Direct,EMOTION
closed owo,nwn,ASCII art 'nwn' representing closed owo,Direct,EMOTION
crying uwu,;w;,ASCII art ';w;' representing crying uwu,Direct,EMOTION
round owo,0w0,ASCII art '0w0' representing round owo,Direct,EMOTION
kissy squeeze,>3<,ASCII art '>3<' representing kissy squeeze,Direct,EMOTION
dead cute,x3,ASCII art 'x3' representing dead cute,Direct,EMOTION
cat pout,:3c,ASCII art ':3c' representing cat pout,Direct,EMOTION
equal cat mouth,=3,ASCII art '=3' representing equal cat mouth,Direct,EMOTION
buck teeth,:B,ASCII art ':B' representing buck teeth,Direct,EMOTION
toothy nerd,:-B,ASCII art ':-B' representing toothy nerd,Direct,EMOTION
horror glasses,D8,ASCII art 'D8' representing horror glasses,Direct,EMOTION
tiny sad vs,v.v,ASCII art 'v.v' representing tiny sad vs,Direct,EMOTION
dot eyed look,._.,ASCII art '._.' representing dot eyed look,Direct,EMOTION
yawn face,-o-,ASCII art '-o-' representing yawn face,Direct,EMOTION
spark stars,*\\*,ASCII art '*\\*' representing spark stars,Direct,OBJECT
short left arrow,<-,ASCII art '<-' representing short left arrow,Direct,OBJECT
short right arrow,->,ASCII art '->' representing short right arrow,Direct,OBJECT
left stop bar,-|,ASCII art '-|' representing left stop bar,Direct,OBJECT
right start bar,|-,ASCII art '|-' representing right start bar,Direct,OBJECT
diamond bar,<|>,ASCII art '<|>' representing diamond bar,Direct,OBJECT
not equal slash,/=,ASCII art '/=' representing not equal slash,Direct,OBJECT
not equals,=/=,ASCII art '=/=' representing not equals,Direct,OBJECT
double question,??,ASCII art '??' representing double question,Direct,STATE
interrobang ascii,?!,ASCII art '?!' representing interrobang ascii,Direct,STATE
surprised question,!?,ASCII art '!?' representing surprised question,Direct,STATE
trailing silence,...,ASCII art '...' representing trailing silence,Direct,STATE
hesitation sound,umm,ASCII art 'umm' representing hesitation sound,Direct,STATE
sleeping zzz,zzz,ASCII art 'zzz' representing sleeping zzz,Direct,STATE
puzzled huh,huh,ASCII art 'huh' representing puzzled huh,Direct,STATE
thinking hmm,hmm,ASCII art 'hmm' representing thinking hmm,Direct,STATE
indifferent meh,meh,ASCII art 'meh' representing indifferent meh,Direct,STATE
amazement wow,wow,ASCII art 'wow' representing amazement wow,Direct,STATE
frustrated ugh,ugh,ASCII art 'ugh' representing frustrated ugh,Direct,STATE
be right back,brb,ASCII art 'brb' representing be right back,Direct,STATE
away from keyboard,afk,ASCII art 'afk' representing away from keyboard,Direct,STATE
got to go,gtg,ASCII art 'gtg' representing got to go,Direct,ACTION
laughing out loud,lol,ASCII art 'lol' representing laughing out loud,Direct,EMOTION
laughing hard slang,lmao,ASCII art 'lmao' representing laughing hard slang,Direct,EMOTION
rolling on floor laughing,rofl,ASCII art 'rofl' representing rolling on floor laughing,Direct,EMOTION
short chuckle,heh,ASCII art 'heh' representing short chuckle,Direct,EMOTION
single ha,hah,ASCII art 'hah' representing single ha,Direct,EMOTION
yay cheer,yay,ASCII art 'yay' representing yay cheer,Direct,EMOTION
sympathetic aww,aww,ASCII art 'aww' representing sympathetic aww,Direct,EMOTION
interested ooh,ooh,ASCII art 'ooh' representing interested ooh,Direct,EMOTION
startled eep,eep,ASCII art 'eep' representing startled eep,Direct,EMOTION
pirate anger,argh,ASCII art 'argh' representing pirate anger,Direct,EMOTION
growling anger,grr,ASCII art 'grr' representing growling anger,Direct,EMOTION
disapproving tsk,tsk,ASCII art 'tsk' representing disapproving tsk,Direct,EMOTION
relief phew,phew,ASCII art 'phew' representing relief phew,Direct,EMOTION
mistake oops,oops,ASCII art 'oops' representing mistake oops,Direct,EMOTION
wow emphasis,wowzers,ASCII art 'wowzers' representing wow emphasis,Direct,EMOTION
nice approval,nice,ASCII art 'nice' representing nice approval,Direct,QUALITY
cool approval,cool,ASCII art 'cool' representing cool approval,Direct,QUALITY
neat approval,neat,ASCII art 'neat' representing neat approval,Direct,QUALITY
lukewarm quality,meh.,ASCII art 'meh.' representing lukewarm quality,Direct,QUALITY
good game,gg,ASCII art 'gg' representing good game,Direct,QUALITY
well played,wp,ASCII art 'wp' representing well played,Direct,QUALITY
rest in peace,rip,ASCII art 'rip' representing rest in peace,Direct,STATE
press f respect,f,ASCII art 'f' representing press f respect,Direct,ACTION
double salute,o7 o7,ASCII art 'o7 o7' representing double salute,Direct,ACTION
thumbs up msn,(y),ASCII art '(y)' representing thumbs up msn,Direct,ACTION
thumbs down msn,(n),ASCII art '(n)' representing thumbs down msn,Direct,ACTION
stick cheer,\(^o^)/,ASCII art '\(^o^)/' representing stick cheer,Direct,ACTION
stick confused arms,\(o_o)/,ASCII art '\(o_o)/' representing stick confused arms,Direct,ACTION
stick shrug arms,\(-_-)/,ASCII art '\(-_-)/' representing stick shrug arms,Direct,ACTION
stick panic,/(o.o)\,ASCII art '/(o.o)\' representing stick panic,Direct,ACTION
look both ways,<-|->,ASCII art '<-|->' representing look both ways,Direct,ACTION
cat sitting,^--^,ASCII art '^--^' representing cat sitting,Direct,ACTION
double cat smile,:3 :3,ASCII art ':3 :3' representing double cat smile,Direct,EMOTION
repeated collapse,orz orz,ASCII art 'orz orz' representing repeated collapse,Direct,ACTION
wide diamond,<_>,ASCII art '<_>' representing wide diamond,Direct,OBJECT
bidirectional arrow,<->,ASCII art '<->' representing bidirectional arrow,Direct,OBJECT
bidirectional implies,<=>,ASCII art '<=>' representing bidirectional implies,Direct,OBJECT
three dots object,...,ASCII art '...' representing three dots object,Direct,OBJECT
ornament line,***---***,ASCII art '***---***' representing ornament line,Direct,OBJECT
speed lines,-=≡,ASCII art '-=≡' representing speed lines,Direct,OBJECT
four dots face,(::),ASCII art '(::)' representing four dots face,Direct,OBJECT
binoculars,(oo),ASCII art '(oo)' representing binoculars,Direct,OBJECT
two circles,(.)(.),ASCII art '(.)(.)' representing two circles,Direct,OBJECT
cassette,[:::],ASCII art '[:::]' representing cassette,Direct,OBJECT
battery box,[=],ASCII art '[=]' representing battery box,Direct,OBJECT
ellipsis braces,{...},ASCII art '{...}' representing ellipsis braces,Direct,OBJECT
ellipsis parens,(...),ASCII art '(...)' representing ellipsis parens,Direct,OBJECT
ellipsis angles,<...>,ASCII art '<...>' representing ellipsis angles,Direct,OBJECT
nervous sweat smile,^_^;,ASCII art '^_^;' representing nervous sweat smile,Direct,EMOTION
awkward sweat,(-_-;),ASCII art '(-_-;)' representing awkward sweat,Direct,EMOTION
embarrassed sweat,(^_^;),ASCII art '(^_^;)' representing embarrassed sweat,Direct,EMOTION
unamused sweat,(-.-;),ASCII art '(-.-;)' representing unamused sweat,Direct,EMOTION
crying semicolon,;-;,ASCII art ';-;' representing crying semicolon,Direct,EMOTION
zero mouth shock,:-0,ASCII art ':-0' representing zero mouth shock,Direct,EMOTION
small o shock,:-o,ASCII art ':-o' representing small o shock,Direct,EMOTION
big o shock extra,:-O,ASCII art ':-O' representing big o shock extra,Direct,EMOTION
glasses shock,8-O,ASCII art '8-O' representing glasses shock,Direct,EMOTION
shades shock,B-O,ASCII art 'B-O' representing shades shock,Direct,EMOTION
angry shock,>:O,ASCII art '>:O' representing angry shock,Direct,EMOTION
small angry shock,>:o,ASCII art '>:o' representing small angry shock,Direct,EMOTION
dead tongue,x-p,ASCII art 'x-p' representing dead tongue,Direct,EMOTION
ko tongue,X-P,ASCII art 'X-P' representing ko tongue,Direct,EMOTION
smoking face,:-Q,ASCII art ':-Q' representing smoking face,Direct,EMOTION
cigarette mouth,:Q,ASCII art ':Q' representing cigarette mouth,Direct,EMOTION
uneven grin,:-d,ASCII art ':-d' representing uneven grin,Direct,EMOTION
wry j mouth,:-j,ASCII art ':-j' representing wry j mouth,Direct,EMOTION
frustrated l,:-L,ASCII art ':-L' representing frustrated l,Direct,EMOTION
frustrated mouth,:L,ASCII art ':L' representing frustrated mouth,Direct,EMOTION
foot in mouth,:-!,ASCII art ':-!' representing foot in mouth,Direct,EMOTION
gasp bang,:!,ASCII art ':!' representing gasp bang,Direct,EMOTION
kiss with space,:-*,ASCII art ':-*' representing kiss with space,Direct,EMOTION
wink with nose,;^),ASCII art ';^)' representing wink with nose,Direct,EMOTION
square wink,;],ASCII art ';]' representing square wink,Direct,EMOTION
curly wink,;},ASCII art ';}' representing curly wink,Direct,EMOTION
wink caret space,^_-,ASCII art '^_-' representing wink caret space,Direct,EMOTION
sweat drop blank,-_-',ASCII art '-_-'' representing sweat drop blank,Direct,EMOTION
double sweat blank,-_-'',ASCII art '-_-''' representing double sweat blank,Direct,EMOTION
crying with sweat,T_T',ASCII art 'T_T'' representing crying with sweat,Direct,EMOTION
excited sweat,^o^;,ASCII art '^o^;' representing excited sweat,Direct,EMOTION
laughing sweat,XD;,ASCII art 'XD;' representing laughing sweat,Direct,EMOTION
grin sweat,:D;,ASCII art ':D;' representing grin sweat,Direct,EMOTION
smile plus wink mark,:);,ASCII art ':);' representing smile plus wink mark,Direct,EMOTION
ko sweat,+_+;,ASCII art '+_+;' representing ko sweat,Direct,EMOTION
small stare,o_o,ASCII art 'o_o' representing small stare,Direct,EMOTION
big stare,O_O,ASCII art 'O_O' representing big stare,Direct,EMOTION
uneven stare,O_o,ASCII art 'O_o' representing uneven stare,Direct,EMOTION
meek face,(´・ω・`),ASCII art '(´・ω・`)' representing meek face,Metaphorical,EMOTION
teary meek face,(´；ω；`),ASCII art '(´；ω；`)' representing teary meek face,Metaphorical,EMOTION
carefree grin,(´∀｀),ASCII art '(´∀｀)' representing carefree grin,Metaphorical,EMOTION
open happy mouth,(´▽｀),ASCII art '(´▽｀)' representing open happy mouth,Metaphorical,EMOTION
excited squeal,(≧∇≦),ASCII art '(≧∇≦)' representing excited squeal,Metaphorical,EMOTION
blissful smile,(≧◡≦),ASCII art '(≧◡≦)' representing blissful smile,Metaphorical,EMOTION
shy sweet smile,(´｡• ᵕ •｡`),ASCII art '(´｡• ᵕ •｡`)' representing shy sweet smile,Metaphorical,EMOTION
peaceful smile,(◡‿◡),ASCII art '(◡‿◡)' representing peaceful smile,Metaphorical,EMOTION
hurt pout,(｡•́︿•̀｡),ASCII art '(｡•́︿•̀｡)' representing hurt pout,Metaphorical,EMOTION
worried round eyes,(｡ŏ﹏ŏ),ASCII art '(｡ŏ﹏ŏ)' representing worried round eyes,Metaphorical,EMOTION
distressed gasp,(；´Д｀),ASCII art '(；´Д｀)' representing distressed gasp,Metaphorical,EMOTION
crying turn away,(ノ_<。),ASCII art '(ノ_<。)' representing crying turn away,Metaphorical,EMOTION
heavy sobbing,(╥﹏╥),ASCII art '(╥﹏╥)' representing heavy sobbing,Metaphorical,EMOTION
defeated slump,"(╯︵╰,)","ASCII art '(╯︵╰,)' representing defeated slump",Metaphorical,EMOTION
unimpressed glare,(；￣Д￣),ASCII art '(；￣Д￣)' representing unimpressed glare,Metaphorical,EMOTION
side eye stare,(¬_¬),ASCII art '(¬_¬)' representing side eye stare,Metaphorical,EMOTION
annoyed squint,(¬､¬),ASCII art '(¬､¬)' representing annoyed squint,Metaphorical,EMOTION
korean dead stare,(눈_눈),ASCII art '(눈_눈)' representing korean dead stare,Metaphorical,EMOTION
smug mouth,(￣^￣),ASCII art '(￣^￣)' representing smug mouth,Metaphorical,EMOTION
satisfied grin,(￣▽￣),ASCII art '(￣▽￣)' representing satisfied grin,Metaphorical,EMOTION
catlike smile,(￣ω￣),ASCII art '(￣ω￣)' representing catlike smile,Metaphorical,EMOTION
smirk bar,(￣ー￣),ASCII art '(￣ー￣)' representing smirk bar,Metaphorical,EMOTION
cheerful spark,(・∀・),ASCII art '(・∀・)' representing cheerful spark,Metaphorical,EMOTION
curious cat mouth,(・ω・),ASCII art '(・ω・)' representing curious cat mouth,Metaphorical,EMOTION
yelling anger,(｀Д´),ASCII art '(｀Д´)' representing yelling anger,Metaphorical,EMOTION
shocked gasp,(ﾟДﾟ),ASCII art '(ﾟДﾟ)' representing shocked gasp,Metaphorical,EMOTION
amazed sparkle,(ﾟ∀ﾟ),ASCII art '(ﾟ∀ﾟ)' representing amazed sparkle,Metaphorical,EMOTION
sleepy calm,(´-ω-`),ASCII art '(´-ω-`)' representing sleepy calm,Metaphorical,EMOTION
drowsy awkward,(-ω-;),ASCII art '(-ω-;)' representing drowsy awkward,Metaphorical,EMOTION
unimpressed bar,(´ー`),ASCII art '(´ー`)' representing unimpressed bar,Metaphorical,EMOTION
bored glance,(´-_ゝ-),ASCII art '(´-_ゝ-)' representing bored glance,Metaphorical,EMOTION
blank stare,( ˙-˙ ),ASCII art '( ˙-˙ )' representing blank stare,Metaphorical,EMOTION
tiny dot face,(._.),ASCII art '(._.)' representing tiny dot face,Metaphorical,EMOTION
neutral stare,(・_・),ASCII art '(・_・)' representing neutral stare,Metaphorical,EMOTION
looking aside,(・・ ),ASCII art '(・・ )' representing looking aside,Metaphorical,EMOTION
sparkle eyes joy,( ﾟヮﾟ),ASCII art '( ﾟヮﾟ)' representing sparkle eyes joy,Metaphorical,EMOTION
starry excitement,(☆▽☆),ASCII art '(☆▽☆)' representing starry excitement,Metaphorical,EMOTION
starry cat mouth,(☆ω☆),ASCII art '(☆ω☆)' representing starry cat mouth,Metaphorical,EMOTION
dazzled spark eyes,(*_*),ASCII art '(*_*)' representing dazzled spark eyes,Metaphorical,EMOTION
shy happy,(o^^o),ASCII art '(o^^o)' representing shy happy,Metaphorical,EMOTION
winking happy,(^_~),ASCII art '(^_~)' representing winking happy,Metaphorical,EMOTION
left wink happy,(~_^),ASCII art '(~_^)' representing left wink happy,Metaphorical,EMOTION
wailing cat tears,(TωT),ASCII art '(TωT)' representing wailing cat tears,Metaphorical,EMOTION
weeping omega,(；ω；),ASCII art '(；ω；)' representing weeping omega,Metaphorical,EMOTION
bawling omega,(´；ω；｀),ASCII art '(´；ω；｀)' representing bawling omega,Metaphorical,EMOTION
tear streak face,(个_个),ASCII art '(个_个)' representing tear streak face,Metaphorical,EMOTION
wailing shout,( ≧Д≦),ASCII art '( ≧Д≦)' representing wailing shout,Metaphorical,EMOTION
crying tamil eyes,(இ﹏இ`｡),ASCII art '(இ﹏இ`｡)' representing crying tamil eyes,Metaphorical,EMOTION
bawling turn,(ﾉД`),ASCII art '(ﾉД`)' representing bawling turn,Metaphorical,EMOTION
crying mailbox eyes,〒▽〒,ASCII art '〒▽〒' representing crying mailbox eyes,Metaphorical,EMOTION
sobbing table eyes,(┬┬﹏┬┬),ASCII art '(┬┬﹏┬┬)' representing sobbing table eyes,Metaphorical,EMOTION
downcast mu,(μ_μ),ASCII art '(μ_μ)' representing downcast mu,Metaphorical,EMOTION
teary cute omega,( ˃̣̣̥ω˂̣̣̥ ),ASCII art '( ˃̣̣̥ω˂̣̣̥ )' representing teary cute omega,Metaphorical,EMOTION
throwing something,(ノ°ο°)ノ,ASCII art '(ノ°ο°)ノ' representing throwing something,Metaphorical,ACTION
flipping a table,(╯°□°)╯︵ ┻━┻,ASCII art '(╯°□°)╯︵ ┻━┻' representing flipping a table,Metaphorical,ACTION
setting the table,(ヘ･_･)ヘ┳━┳,ASCII art '(ヘ･_･)ヘ┳━┳' representing setting the table,Metaphorical,ACTION
sliding on sunglasses,( •_•)>⌐■-■,ASCII art '( •_•)>⌐■-■' representing sliding on sunglasses,Metaphorical,ACTION
pointing at you,(☞ﾟヮﾟ)☞,ASCII art '(☞ﾟヮﾟ)☞' representing pointing at you,Metaphorical,ACTION
pointing both ways,☜(˚▽˚)☞,ASCII art '☜(˚▽˚)☞' representing pointing both ways,Metaphorical,ACTION
leaning for a kiss,(っ˘з(˘⌣˘ ),ASCII art '(っ˘з(˘⌣˘ )' representing leaning for a kiss,Metaphorical,ACTION
couple leaning in,( ˘⌣˘)♡(˘⌣˘ ),ASCII art '( ˘⌣˘)♡(˘⌣˘ )' representing couple leaning in,Metaphorical,ACTION
fist pump cheer,(•̀ᴗ•́)و,ASCII art '(•̀ᴗ•́)و' representing fist pump cheer,Metaphorical,ACTION
raising fists,(ง'̀-'́)ง,ASCII art '(ง'̀-'́)ง' representing raising fists,Metaphorical,ACTION
strutting away,ᕕ( ᐛ )ᕗ,ASCII art 'ᕕ( ᐛ )ᕗ' representing strutting away,Metaphorical,ACTION
running in rage,ᕕ(╯°□°)ᕗ,ASCII art 'ᕕ(╯°□°)ᕗ' representing running in rage,Metaphorical,ACTION
running away,ε=ε=ε=┌(;*´Д`)ﾉ,ASCII art 'ε=ε=ε=┌(;*´Д`)ﾉ' representing running away,Metaphorical,ACTION
dashing off,C= C= C= C=┌(;・ω・)┘,ASCII art 'C= C= C= C=┌(;・ω・)┘' representing dashing off,Metaphorical,ACTION
spinning dance,┗(^o^ )┓三,ASCII art '┗(^o^ )┓三' representing spinning dance,Metaphorical,ACTION
raising the roof,┌(┌^o^)┐,ASCII art '┌(┌^o^)┐' representing raising the roof,Metaphorical,ACTION
waving both arms,(ノ^_^)ノ,ASCII art '(ノ^_^)ノ' representing waving both arms,Metaphorical,ACTION
waving hello,(＾▽＾)/,ASCII art '(＾▽＾)/' representing waving hello,Metaphorical,ACTION
dismissive wave,(；一_一)/,ASCII art '(；一_一)/' representing dismissive wave,Metaphorical,ACTION
tossing hands up,(シ_ _)シ,ASCII art '(シ_ _)シ' representing tossing hands up,Metaphorical,ACTION
slumping over,"(╯︵╰,)","ASCII art '(╯︵╰,)' representing slumping over",Metaphorical,ACTION
running for a hug,(つ≧▽≦)つ,ASCII art '(つ≧▽≦)つ' representing running for a hug,Metaphorical,ACTION
hugging with a kiss,(づ￣ ³￣)づ,ASCII art '(づ￣ ³￣)づ' representing hugging with a kiss,Metaphorical,ACTION
extending a hug,(っ◔◡◔)っ,ASCII art '(っ◔◡◔)っ' representing extending a hug,Metaphorical,ACTION
throwing glitter,(ﾉ´ヮ`)ﾉ*: ･ﾟ,ASCII art '(ﾉ´ヮ`)ﾉ*: ･ﾟ' representing throwing glitter,Metaphorical,ACTION
winding up throw,(╯°□°)╯,ASCII art '(╯°□°)╯' representing winding up throw,Metaphorical,ACTION
hurling the table,(ノಠ益ಠ)ノ彡┻━┻,ASCII art '(ノಠ益ಠ)ノ彡┻━┻' representing hurling the table,Metaphorical,ACTION
unflipping the table,┬─┬ノ( º _ ºノ),ASCII art '┬─┬ノ( º _ ºノ)' representing unflipping the table,Metaphorical,ACTION
blowing a heart kiss,( ˘ ³˘)♥,ASCII art '( ˘ ³˘)♥' representing blowing a heart kiss,Metaphorical,ACTION
dancing to a beat,♪┏(・o･)┛♪,ASCII art '♪┏(・o･)┛♪' representing dancing to a beat,Metaphorical,ACTION
swaying in dance,〜(￣▽￣〜),ASCII art '〜(￣▽￣〜)' representing swaying in dance,Metaphorical,ACTION
grooving with shades,ヾ(⌐■_■)ノ♪,ASCII art 'ヾ(⌐■_■)ノ♪' representing grooving with shades,Metaphorical,ACTION
stepping to music,┌(・。・)┘♪,ASCII art '┌(・。・)┘♪' representing stepping to music,Metaphorical,ACTION
walking with a tune,♪~ ᕕ(ᐛ)ᕗ,ASCII art '♪~ ᕕ(ᐛ)ᕗ' representing walking with a tune,Metaphorical,ACTION
flexing both arms,ᕙ(⇀‸↼‶)ᕗ,ASCII art 'ᕙ(⇀‸↼‶)ᕗ' representing flexing both arms,Metaphorical,ACTION
posing strong,ᕦ(ò_óˇ)ᕤ,ASCII art 'ᕦ(ò_óˇ)ᕤ' representing posing strong,Metaphorical,ACTION
finger pointing you,(☞ﾟ∀ﾟ)☞,ASCII art '(☞ﾟ∀ﾟ)☞' representing finger pointing you,Metaphorical,ACTION
pointing backward,☜(ﾟヮﾟ☜),ASCII art '☜(ﾟヮﾟ☜)' representing pointing backward,Metaphorical,ACTION
grabbing with a smile,ლ(╹◡╹ლ),ASCII art 'ლ(╹◡╹ლ)' representing grabbing with a smile,Metaphorical,ACTION
reaching creepily,(つ ͡° ͜ʖ ͡°)つ,ASCII art '(つ ͡° ͜ʖ ͡°)つ' representing reaching creepily,Metaphorical,ACTION
cat waving paw,~(=^‥^)ノ,ASCII art '~(=^‥^)ノ' representing cat waving paw,Metaphorical,ACTION
patting someone,(ｏ・_・)ノ”(ノ_<、),ASCII art '(ｏ・_・)ノ”(ノ_<、)' representing patting someone,Metaphorical,ACTION
tired wave,( ;´ -`)ノ,ASCII art '( ;´ -`)ノ' representing tired wave,Metaphorical,ACTION
happy little wave,(^-^*)/,ASCII art '(^-^*)/' representing happy little wave,Metaphorical,ACTION
casual wave,( ´ ▽ ` )ﾉ,ASCII art '( ´ ▽ ` )ﾉ' representing casual wave,Metaphorical,ACTION
waving with love,(｡･ω･｡)ﾉ♡,ASCII art '(｡･ω･｡)ﾉ♡' representing waving with love,Metaphorical,ACTION
blank wave,(・_・)ノ,ASCII art '(・_・)ノ' representing blank wave,Metaphorical,ACTION
tiny wave,(゜-゜)ノ,ASCII art '(゜-゜)ノ' representing tiny wave,Metaphorical,ACTION
saluting happily,(°∀°)ゝ,ASCII art '(°∀°)ゝ' representing saluting happily,Metaphorical,ACTION
saluting cheerfully,(・∀・)ゝ,ASCII art '(・∀・)ゝ' representing saluting cheerfully,Metaphorical,ACTION
angry salute,(｀Д´)ゝ,ASCII art '(｀Д´)ゝ' representing angry salute,Metaphorical,ACTION
sleepy salute,(-ω-)ゝ,ASCII art '(-ω-)ゝ' representing sleepy salute,Metaphorical,ACTION
stiff wave,( °-°)ノ,ASCII art '( °-°)ノ' representing stiff wave,Metaphorical,ACTION
excited wave,(≧∇≦)ﾉ,ASCII art '(≧∇≦)ﾉ' representing excited wave,Metaphorical,ACTION
jumping wave,(ﾉ≧∀≦)ﾉ,ASCII art '(ﾉ≧∀≦)ﾉ' representing jumping wave,Metaphorical,ACTION
kissy wave,(ﾉ´ з `)ノ,ASCII art '(ﾉ´ з `)ノ' representing kissy wave,Metaphorical,ACTION
sparkle wave,(ﾉ◕ヮ◕)ﾉ,ASCII art '(ﾉ◕ヮ◕)ﾉ' representing sparkle wave,Metaphorical,ACTION
squealing wave,(ﾉ>ω<)ﾉ,ASCII art '(ﾉ>ω<)ﾉ' representing squealing wave,Metaphorical,ACTION
shaking off,(ﾉｼ｀･Д･)ﾉｼ,ASCII art '(ﾉｼ｀･Д･)ﾉｼ' representing shaking off,Metaphorical,ACTION
graceful wave,(ﾉ*ﾟｰﾟ)ﾉ,ASCII art '(ﾉ*ﾟｰﾟ)ﾉ' representing graceful wave,Metaphorical,ACTION
patting condolence,( ´･･)ﾉ(._.`),ASCII art '( ´･･)ﾉ(._.`)' representing patting condolence,Metaphorical,ACTION
stick figure cheer,(/^^)/,ASCII art '(/^^)/' representing stick figure cheer,Metaphorical,ACTION
stick leaning,(\\^^\\),ASCII art '(\\^^\\)' representing stick leaning,Metaphorical,ACTION
high fiving,(>^_^)> <(^_^<),ASCII art '(>^_^)> <(^_^<)' representing high fiving,Metaphorical,ACTION
awkward high five,(>'_')> <('_'<),ASCII art '(>'_')> <('_'<)' representing awkward high five,Metaphorical,ACTION
shoulder shimmy,┗(｀ー´)┓,ASCII art '┗(｀ー´)┓' representing shoulder shimmy,Metaphorical,ACTION
shimmy other way,┏(｀ー´)┛,ASCII art '┏(｀ー´)┛' representing shimmy other way,Metaphorical,ACTION
casual table toss,(/¯◡ ‿ ◡)/¯ ~ ┻━┻,ASCII art '(/¯◡ ‿ ◡)/¯ ~ ┻━┻' representing casual table toss,Metaphorical,ACTION
flipping a textbook,(╯°□°)╯︵ ʞooqǝɔɐ,ASCII art '(╯°□°)╯︵ ʞooqǝɔɐ' representing flipping a textbook,Metaphorical,ACTION
throwing papers,(ノ ゜Д゜)ノ,ASCII art '(ノ ゜Д゜)ノ' representing throwing papers,Metaphorical,ACTION
happy table flip,(ﾉ≧∇≦)ﾉ ﾐ ┸━┸,ASCII art '(ﾉ≧∇≦)ﾉ ﾐ ┸━┸' representing happy table flip,Metaphorical,ACTION
stern table flip,(┛ಠ_ಠ)┛彡┻━┻,ASCII art '(┛ಠ_ಠ)┛彡┻━┻' representing stern table flip,Metaphorical,ACTION
sad table flip,(ﾉ´･ω･)ﾉ ﾐ ┸━┸,ASCII art '(ﾉ´･ω･)ﾉ ﾐ ┸━┸' representing sad table flip,Metaphorical,ACTION
two person flip,(╯°□°)╯︵ ┻━┻ ︵ ╯(°□°╯),ASCII art '(╯°□°)╯︵ ┻━┻ ︵ ╯(°□°╯)' representing two person flip,Metaphorical,ACTION
offering a hand,(o´･_･)っ,ASCII art '(o´･_･)っ' representing offering a hand,Metaphorical,ACTION
comfort pat,( ´･･)ﾉ(._.),ASCII art '( ´･･)ﾉ(._.)' representing comfort pat,Metaphorical,ACTION
sparkle greeting,(*^_^*)/,ASCII art '(*^_^*)/' representing sparkle greeting,Metaphorical,ACTION
circle eye wave,(｡◕‿◕｡)ﾉ,ASCII art '(｡◕‿◕｡)ﾉ' representing circle eye wave,Metaphorical,ACTION
pointing up cute,(◕‿◕)↗,ASCII art '(◕‿◕)↗' representing pointing up cute,Metaphorical,ACTION
looking right,(→_→),ASCII art '(→_→)' representing looking right,Metaphorical,ACTION
looking left,(←_←),ASCII art '(←_←)' representing looking left,Metaphorical,ACTION
looking up,(↑_↑),ASCII art '(↑_↑)' representing looking up,Metaphorical,ACTION
looking down,(↓_↓),ASCII art '(↓_↓)' representing looking down,Metaphorical,ACTION
double fist pump,(•̀ᴗ•́)و ̑̑,ASCII art '(•̀ᴗ•́)و ̑̑' representing double fist pump,Metaphorical,ACTION
can do fist,(๑•̀ㅂ•́)و ✧,ASCII art '(๑•̀ㅂ•́)و ✧' representing can do fist,Metaphorical,ACTION
lenny fighting,(ง ͠ ͠° ͟ل͜ ͡°)ง,ASCII art '(ง ͠ ͠° ͟ل͜ ͡°)ง' representing lenny fighting,Metaphorical,ACTION
fight pose text,(ง'̀-'́)ง fight,ASCII art '(ง'̀-'́)ง fight' representing fight pose text,Metaphorical,ACTION
muscle angry,ᕙ( ︡'︡益'︠)ง,ASCII art 'ᕙ( ︡'︡益'︠)ง' representing muscle angry,Metaphorical,ACTION
happy flex,ᕙ(＠°▽°＠)ᕗ,ASCII art 'ᕙ(＠°▽°＠)ᕗ' representing happy flex,Metaphorical,ACTION
flex pose extra,ᕦ(ò_óˇ)ᕤ,ASCII art 'ᕦ(ò_óˇ)ᕤ' representing flex pose extra,Metaphorical,ACTION
muscle extra,ᕙ(⇀‸↼‶)ᕗ,ASCII art 'ᕙ(⇀‸↼‶)ᕗ' representing muscle extra,Metaphorical,ACTION
mustache flex look,( ˇ෴ˇ ),ASCII art '( ˇ෴ˇ )' representing mustache flex look,Metaphorical,ACTION
offering tea,( ˘▽˘)っ♨,ASCII art '( ˘▽˘)っ♨' representing offering tea,Metaphorical,ACTION
eating happily,(っ˘ڡ˘ς),ASCII art '(っ˘ڡ˘ς)' representing eating happily,Metaphorical,ACTION
sending love air,( ´ ▽ ` ).｡ｏ♡,ASCII art '( ´ ▽ ` ).｡ｏ♡' representing sending love air,Metaphorical,ACTION
kiss send extra,( ˘ ³˘)♥,ASCII art '( ˘ ³˘)♥' representing kiss send extra,Metaphorical,ACTION
offering warm hug,(づ｡◕‿‿◕｡)づ,ASCII art '(づ｡◕‿‿◕｡)づ' representing offering warm hug,Metaphorical,ACTION
reaching hug,(⊃｡•́‿•̀｡)⊃,ASCII art '(⊃｡•́‿•̀｡)⊃' representing reaching hug,Metaphorical,ACTION
tackle hug,(つ≧▽≦)つ,ASCII art '(つ≧▽≦)つ' representing tackle hug,Metaphorical,ACTION
sparkle hug,(つ✧ω✧)つ,ASCII art '(つ✧ω✧)つ' representing sparkle hug,Metaphorical,ACTION
cool hug,(つ▀¯▀)つ,ASCII art '(つ▀¯▀)つ' representing cool hug,Metaphorical,ACTION
kirby right extra,(>^_^)>,ASCII art '(>^_^)>' representing kirby right extra,Metaphorical,ACTION
kirby left extra,<(^_^<),ASCII art '<(^_^<)' representing kirby left extra,Metaphorical,ACTION
kirby nervous,<(o_o<),ASCII art '<(o_o<)' representing kirby nervous,Metaphorical,ACTION
kirby blank extra,(>'-')>,ASCII art '(>'-')>' representing kirby blank extra,Metaphorical,ACTION
dance left,~(˘▾˘~),ASCII art '~(˘▾˘~)' representing dance left,Metaphorical,ACTION
dance right extra,(~˘▾˘)~,ASCII art '(~˘▾˘)~' representing dance right extra,Metaphorical,ACTION
dance overline,~(‾▿‾)~,ASCII art '~(‾▿‾)~' representing dance overline,Metaphorical,ACTION
excited toss,(ノ*°▽°*),ASCII art '(ノ*°▽°*)' representing excited toss,Metaphorical,ACTION
jump for joy,(ﾉ≧∀≦)ﾉ,ASCII art '(ﾉ≧∀≦)ﾉ' representing jump for joy,Metaphorical,ACTION
star jump,ヽ(>∀<☆)ノ,ASCII art 'ヽ(>∀<☆)ノ' representing star jump,Metaphorical,ACTION
open arm joy,(/◕ヮ◕)/,ASCII art '(/◕ヮ◕)/' representing open arm joy,Metaphorical,ACTION
flipping a moderator,(╯°□°)╯︵ ɹoʇɐʇoɯ,ASCII art '(╯°□°)╯︵ ɹoʇɐʇoɯ' representing flipping a moderator,Metaphorical,ACTION
deal with it cool,(⌐■_■),ASCII art '(⌐■_■)' representing deal with it cool,Metaphorical,QUALITY
becoming cool,( •_•)>⌐■-■,ASCII art '( •_•)>⌐■-■' representing becoming cool,Metaphorical,QUALITY
cheeky quality,( ͡° ͜ʖ ͡°),ASCII art '( ͡° ͜ʖ ͡°)' representing cheeky quality,Metaphorical,QUALITY
sly quality,(¬‿¬),ASCII art '(¬‿¬)' representing sly quality,Metaphorical,QUALITY
smug quality,(￣ー￣),ASCII art '(￣ー￣)' representing smug quality,Metaphorical,QUALITY
superior look,(￣^￣),ASCII art '(￣^￣)' representing superior look,Metaphorical,QUALITY
villain flair,(｀∀´) Ψ,ASCII art '(｀∀´) Ψ' representing villain flair,Metaphorical,QUALITY
chill vibe,( ˘ω˘ ),ASCII art '( ˘ω˘ )' representing chill vibe,Metaphorical,QUALITY
easygoing look,( ˘▾˘),ASCII art '( ˘▾˘)' representing easygoing look,Metaphorical,QUALITY
wholesome quality,(ᵔᴥᵔ),ASCII art '(ᵔᴥᵔ)' representing wholesome quality,Metaphorical,QUALITY
cute floral quality,(◕‿◕✿),ASCII art '(◕‿◕✿)' representing cute floral quality,Metaphorical,QUALITY
innocent quality,(｡◕‿◕｡),ASCII art '(｡◕‿◕｡)' representing innocent quality,Metaphorical,QUALITY
gentle quality,(✿◠‿◠),ASCII art '(✿◠‿◠)' representing gentle quality,Metaphorical,QUALITY
sweet quality,(◍•ᴗ•◍)❤,ASCII art '(◍•ᴗ•◍)❤' representing sweet quality,Metaphorical,QUALITY
charming quality,(´∀｀)♡,ASCII art '(´∀｀)♡' representing charming quality,Metaphorical,QUALITY
catlike quality,(￣ω￣),ASCII art '(￣ω￣)' representing catlike quality,Metaphorical,QUALITY
bright quality,(・∀・),ASCII art '(・∀・)' representing bright quality,Metaphorical,QUALITY
serious quality,(｀・ω・´),ASCII art '(｀・ω・´)' representing serious quality,Metaphorical,QUALITY
determined quality,(๑•̀ㅂ•́)و✧,ASCII art '(๑•̀ㅂ•́)و✧' representing determined quality,Metaphorical,QUALITY
quirky quality,(҂◡_◡),ASCII art '(҂◡_◡)' representing quirky quality,Metaphorical,QUALITY
sparkly quality,( ﾟヮﾟ),ASCII art '( ﾟヮﾟ)' representing sparkly quality,Metaphorical,QUALITY
dazzling quality,(☆▽☆),ASCII art '(☆▽☆)' representing dazzling quality,Metaphorical,QUALITY
glitter quality,(✧ω✧),ASCII art '(✧ω✧)' representing glitter quality,Metaphorical,QUALITY
magical quality,(ﾉ◕ヮ◕)ﾉ*:・ﾟ✧,ASCII art '(ﾉ◕ヮ◕)ﾉ*:・ﾟ✧' representing magical quality,Metaphorical,QUALITY
distinguished mustache,( ˇ෴ˇ ),ASCII art '( ˇ෴ˇ )' representing distinguished mustache,Metaphorical,QUALITY
aloof quality,( ´ｰ`),ASCII art '( ´ｰ`)' representing aloof quality,Metaphorical,QUALITY
unimpressed quality,(￣ヘ￣),ASCII art '(￣ヘ￣)' representing unimpressed quality,Metaphorical,QUALITY
skeptical quality,(¬_¬),ASCII art '(¬_¬)' representing skeptical quality,Metaphorical,QUALITY
deadpan quality,(눈_눈),ASCII art '(눈_눈)' representing deadpan quality,Metaphorical,QUALITY
disapproving quality,(ಠ_ಠ),ASCII art '(ಠ_ಠ)' representing disapproving quality,Metaphorical,QUALITY
unamused quality,(；一_一),ASCII art '(；一_一)' representing unamused quality,Metaphorical,QUALITY
laid back quality,(´-ω-`),ASCII art '(´-ω-`)' representing laid back quality,Metaphorical,QUALITY
plain quality,( ˙-˙ ),ASCII art '( ˙-˙ )' representing plain quality,Metaphorical,QUALITY
neutral quality,(・_・),ASCII art '(・_・)' representing neutral quality,Metaphorical,QUALITY
stoic mouth,(ﾟ⊿ﾟ),ASCII art '(ﾟ⊿ﾟ)' representing stoic mouth,Metaphorical,QUALITY
cool indifference,( ´_ゝ`),ASCII art '( ´_ゝ`)' representing cool indifference,Metaphorical,QUALITY
soft quality,( ˘ ³˘),ASCII art '( ˘ ³˘)' representing soft quality,Metaphorical,QUALITY
serene quality,(*¯︶¯*),ASCII art '(*¯︶¯*)' representing serene quality,Metaphorical,QUALITY
graceful quality,(◡‿◡✿),ASCII art '(◡‿◡✿)' representing graceful quality,Metaphorical,QUALITY
lovely quality,(｡♥‿♥｡),ASCII art '(｡♥‿♥｡)' representing lovely quality,Metaphorical,QUALITY
affectionate quality,(♡‿♡),ASCII art '(♡‿♡)' representing affectionate quality,Metaphorical,QUALITY
dainty quality,(◕ᴗ◕✿),ASCII art '(◕ᴗ◕✿)' representing dainty quality,Metaphorical,QUALITY
calm quality,(๑˘︶˘๑),ASCII art '(๑˘︶˘๑)' representing calm quality,Metaphorical,QUALITY
content quality,( ˘⌣˘),ASCII art '( ˘⌣˘)' representing content quality,Metaphorical,QUALITY
kind quality,(ᵔ◡ᵔ),ASCII art '(ᵔ◡ᵔ)' representing kind quality,Metaphorical,QUALITY
cool greeting quality,(⌐■_■)ﾉ,ASCII art '(⌐■_■)ﾉ' representing cool greeting quality,Metaphorical,QUALITY
cool transformation,( •_•)>⌐■-■ (⌐■_■),ASCII art '( •_•)>⌐■-■ (⌐■_■)' representing cool transformation,Metaphorical,QUALITY
winking cheeky quality,( ͡~ ͜ʖ ͡°),ASCII art '( ͡~ ͜ʖ ͡°)' representing winking cheeky quality,Metaphorical,QUALITY
deal with it extra cool,(▀̿Ĺ̯▀̿ ̿),ASCII art '(▀̿Ĺ̯▀̿ ̿)' representing deal with it extra cool,Metaphorical,QUALITY
confident sparkle,( •̀ ω •́ )✧,ASCII art '( •̀ ω •́ )✧' representing confident sparkle,Metaphorical,QUALITY
feisty quality,(ง'̀-'́)ง,ASCII art '(ง'̀-'́)ง' representing feisty quality,Metaphorical,QUALITY
strong quality,ᕦ(ò_óˇ)ᕤ,ASCII art 'ᕦ(ò_óˇ)ᕤ' representing strong quality,Metaphorical,QUALITY
tough quality,ᕙ(⇀‸↼‶)ᕗ,ASCII art 'ᕙ(⇀‸↼‶)ᕗ' representing tough quality,Metaphorical,QUALITY
tough glare,(｀⌒´メ),ASCII art '(｀⌒´メ)' representing tough glare,Metaphorical,QUALITY
fierce quality,(╬ಠ益ಠ),ASCII art '(╬ಠ益ಠ)' representing fierce quality,Metaphorical,QUALITY
stern quality,(；￣Д￣),ASCII art '(；￣Д￣)' representing stern quality,Metaphorical,QUALITY
goofy quality,(´◉◞౪◟◉),ASCII art '(´◉◞౪◟◉)' representing goofy quality,Metaphorical,QUALITY
hyper quality,(≧∇≦),ASCII art '(≧∇≦)' representing hyper quality,Metaphorical,QUALITY
bashful quality,(⁄ ⁄•⁄ω⁄•⁄ ⁄),ASCII art '(⁄ ⁄•⁄ω⁄•⁄ ⁄)' representing bashful quality,Metaphorical,QUALITY
soft shy quality,(*´ω｀*),ASCII art '(*´ω｀*)' representing soft shy quality,Metaphorical,QUALITY
timid quality,(〃ω〃),ASCII art '(〃ω〃)' representing timid quality,Metaphorical,QUALITY
precious quality,(´｡• ᵕ •｡`),ASCII art '(´｡• ᵕ •｡`)' representing precious quality,Metaphorical,QUALITY
adorable quality,(๑>◡<๑),ASCII art '(๑>◡<๑)' representing adorable quality,Metaphorical,QUALITY
cute quality extra,(◕‿◕),ASCII art '(◕‿◕)' representing cute quality extra,Metaphorical,QUALITY
cheerful quality,(＾▽＾),ASCII art '(＾▽＾)' representing cheerful quality,Metaphorical,QUALITY
easy smile quality,(￣▽￣),ASCII art '(￣▽￣)' representing easy smile quality,Metaphorical,QUALITY
pleasant quality,(´▽｀),ASCII art '(´▽｀)' representing pleasant quality,Metaphorical,QUALITY
wowed quality,(ﾟ∀ﾟ),ASCII art '(ﾟ∀ﾟ)' representing wowed quality,Metaphorical,QUALITY
startled quality,(ﾟДﾟ),ASCII art '(ﾟДﾟ)' representing startled quality,Metaphorical,QUALITY
frazzled quality,(；´Д｀),ASCII art '(；´Д｀)' representing frazzled quality,Metaphorical,QUALITY
fragile quality,(╥﹏╥),ASCII art '(╥﹏╥)' representing fragile quality,Metaphorical,QUALITY
vulnerable quality,(｡•́︿•̀｡),ASCII art '(｡•́︿•̀｡)' representing vulnerable quality,Metaphorical,QUALITY
defeated quality,"(╯︵╰,)","ASCII art '(╯︵╰,)' representing defeated quality",Metaphorical,QUALITY
resigned quality,(シ_ _)シ,ASCII art '(シ_ _)シ' representing resigned quality,Metaphorical,QUALITY
nonchalant quality,¯\_(ツ)_/¯,ASCII art '¯\_(ツ)_/¯' representing nonchalant quality,Metaphorical,QUALITY
helpless quality,┐(´д｀)┌,ASCII art '┐(´д｀)┌' representing helpless quality,Metaphorical,QUALITY
thumbs smug quality,(￣ー￣)b,ASCII art '(￣ー￣)b' representing thumbs smug quality,Metaphorical,QUALITY
can do quality,(•̀ᴗ•́)و,ASCII art '(•̀ᴗ•́)و' representing can do quality,Metaphorical,QUALITY
ready quality extra,(ง •̀_•́)ง,ASCII art '(ง •̀_•́)ง' representing ready quality extra,Metaphorical,QUALITY
chill thumbs up,( ˘ω˘ )b,ASCII art '( ˘ω˘ )b' representing chill thumbs up,Metaphorical,QUALITY
headphones cool,d(-_-)b,ASCII art 'd(-_-)b' representing headphones cool,Metaphorical,QUALITY
cool point,(⌐■_■)σ,ASCII art '(⌐■_■)σ' representing cool point,Metaphorical,QUALITY
lenny offering,( ͡° ͜ʖ ͡°)つ,ASCII art '( ͡° ͜ʖ ͡°)つ' representing lenny offering,Metaphorical,QUALITY
hospitable quality,( ˘▽˘)っ♨,ASCII art '( ˘▽˘)っ♨' representing hospitable quality,Metaphorical,QUALITY
savoring quality,(っ˘ڡ˘ς),ASCII art '(っ˘ڡ˘ς)' representing savoring quality,Metaphorical,QUALITY
friendly quality,( ´ ▽ ` )ﾉ,ASCII art '( ´ ▽ ` )ﾉ' representing friendly quality,Metaphorical,QUALITY
sweet greeting quality,(｡･ω･｡)ﾉ♡,ASCII art '(｡･ω･｡)ﾉ♡' representing sweet greeting quality,Metaphorical,QUALITY
floral calm quality,(✿´‿`),ASCII art '(✿´‿`)' representing floral calm quality,Metaphorical,QUALITY
flower wink quality,(◕ᴗ◕✿),ASCII art '(◕ᴗ◕✿)' representing flower wink quality,Metaphorical,QUALITY
approachable quality,(●'◡'●),ASCII art '(●'◡'●)' representing approachable quality,Metaphorical,QUALITY
sparkle sweet quality,(◍•ᴗ•◍),ASCII art '(◍•ᴗ•◍)' representing sparkle sweet quality,Metaphorical,QUALITY
tender quality,( ˘⌣˘)♡,ASCII art '( ˘⌣˘)♡' representing tender quality,Metaphorical,QUALITY
shrugging state,¯\_(ツ)_/¯,ASCII art '¯\_(ツ)_/¯' representing shrugging state,Metaphorical,STATE
helpless state,┐(´д｀)┌,ASCII art '┐(´д｀)┌' representing helpless state,Metaphorical,STATE
nervous state,(・_・;),ASCII art '(・_・;)' representing nervous state,Metaphorical,STATE
questioning state,(・・?),ASCII art '(・・?)' representing questioning state,Metaphorical,STATE
confused state,(??_??),ASCII art '(??_??)' representing confused state,Metaphorical,STATE
worried state,(⊙﹏⊙),ASCII art '(⊙﹏⊙)' representing worried state,Metaphorical,STATE
panicked state,(；□；),ASCII art '(；□；)' representing panicked state,Metaphorical,STATE
sleepy state,(´-ω-`),ASCII art '(´-ω-`)' representing sleepy state,Metaphorical,STATE
drowsy state,(-ω-;),ASCII art '(-ω-;)' representing drowsy state,Metaphorical,STATE
sleeping state,(－ω－) zzZ,ASCII art '(－ω－) zzZ' representing sleeping state,Metaphorical,STATE
asleep state,(。-ω-)zzz,ASCII art '(。-ω-)zzz' representing asleep state,Metaphorical,STATE
drooling state,(￣ρ￣),ASCII art '(￣ρ￣)' representing drooling state,Metaphorical,STATE
dozing state,(∪､∪),ASCII art '(∪､∪)' representing dozing state,Metaphorical,STATE
wasted state,(+_+),ASCII art '(+_+)' representing wasted state,Metaphorical,STATE
knocked out state,(x_x),ASCII art '(x_x)' representing knocked out state,Metaphorical,STATE
ko state,(X_X),ASCII art '(X_X)' representing ko state,Metaphorical,STATE
sweating state,(--;),ASCII art '(--;)' representing sweating state,Metaphorical,STATE
unamused state,(；一_一),ASCII art '(；一_一)' representing unamused state,Metaphorical,STATE
blank state,( ˙-˙ ),ASCII art '( ˙-˙ )' representing blank state,Metaphorical,STATE
neutral state,(・_・),ASCII art '(・_・)' representing neutral state,Metaphorical,STATE
tiny blank state,(._.),ASCII art '(._.)' representing tiny blank state,Metaphorical,STATE
tiny blank extra state,(゜-゜),ASCII art '(゜-゜)' representing tiny blank extra state,Metaphorical,STATE
staring state,(°_°),ASCII art '(°_°)' representing staring state,Metaphorical,STATE
circle stare state,(⊙_⊙),ASCII art '(⊙_⊙)' representing circle stare state,Metaphorical,STATE
round stare state,(ʘ_ʘ),ASCII art '(ʘ_ʘ)' representing round stare state,Metaphorical,STATE
uneven shock state,(o_O),ASCII art '(o_O)' representing uneven shock state,Metaphorical,STATE
big shock state,(O_O),ASCII art '(O_O)' representing big shock state,Metaphorical,STATE
small stare state,(o.o),ASCII art '(o.o)' representing small stare state,Metaphorical,STATE
cringing state,(>_<),ASCII art '(>_<)' representing cringing state,Metaphorical,STATE
distressed state,(；´Д｀),ASCII art '(；´Д｀)' representing distressed state,Metaphorical,STATE
shocked state,(ﾟДﾟ),ASCII art '(ﾟДﾟ)' representing shocked state,Metaphorical,STATE
hurt shock state,(´ﾟдﾟ`),ASCII art '(´ﾟдﾟ`)' representing hurt shock state,Metaphorical,STATE
small shock state,( ﾟдﾟ),ASCII art '( ﾟдﾟ)' representing small shock state,Metaphorical,STATE
nervous omega state,(；´ﾟωﾟ｀),ASCII art '(；´ﾟωﾟ｀)' representing nervous omega state,Metaphorical,STATE
tired calm state,( ´-ω-`),ASCII art '( ´-ω-`)' representing tired calm state,Metaphorical,STATE
resting state,( ˘ω˘ ),ASCII art '( ˘ω˘ )' representing resting state,Metaphorical,STATE
sleepy cute state,( ˘•ω•˘ ),ASCII art '( ˘•ω•˘ )' representing sleepy cute state,Metaphorical,STATE
napping state,(－_－) zzZ,ASCII art '(－_－) zzZ' representing napping state,Metaphorical,STATE
given up state,(シ_ _)シ,ASCII art '(シ_ _)シ' representing given up state,Metaphorical,STATE
defeated state,"(╯︵╰,)","ASCII art '(╯︵╰,)' representing defeated state",Metaphorical,STATE
hurt state,(｡•́︿•̀｡),ASCII art '(｡•́︿•̀｡)' representing hurt state,Metaphorical,STATE
worried extra state,(｡ŏ﹏ŏ),ASCII art '(｡ŏ﹏ŏ)' representing worried extra state,Metaphorical,STATE
sobbing state,(╥﹏╥),ASCII art '(╥﹏╥)' representing sobbing state,Metaphorical,STATE
crying state,(T_T),ASCII art '(T_T)' representing crying state,Metaphorical,STATE
weeping state,(；ω；),ASCII art '(；ω；)' representing weeping state,Metaphorical,STATE
bawling state,(´；ω；`),ASCII art '(´；ω；`)' representing bawling state,Metaphorical,STATE
ready to fight state,(ง •̀_•́)ง,ASCII art '(ง •̀_•́)ง' representing ready to fight state,Metaphorical,STATE
weird fighting state,(ง ͠° ͟ل͜ ͡°)ง,ASCII art '(ง ͠° ͟ل͜ ͡°)ง' representing weird fighting state,Metaphorical,STATE
observing state,(•_•),ASCII art '(•_•)' representing observing state,Metaphorical,STATE
wide eyed state,(◉_◉),ASCII art '(◉_◉)' representing wide eyed state,Metaphorical,STATE
concerned state,(ㆆ_ㆆ),ASCII art '(ㆆ_ㆆ)' representing concerned state,Metaphorical,STATE
alert state,(｀・ω・´),ASCII art '(｀・ω・´)' representing alert state,Metaphorical,STATE
meh state,(￣ヘ￣),ASCII art '(￣ヘ￣)' representing meh state,Metaphorical,STATE
unamused state,(´～`),ASCII art '(´～`)' representing unamused state,Metaphorical,STATE
skeptical state,(￣д￣),ASCII art '(￣д￣)' representing skeptical state,Metaphorical,STATE
side eye state,(¬_¬),ASCII art '(¬_¬)' representing side eye state,Metaphorical,STATE
deadpan state,(눈_눈),ASCII art '(눈_눈)' representing deadpan state,Metaphorical,STATE
disapproval state,(ಠ_ಠ),ASCII art '(ಠ_ಠ)' representing disapproval state,Metaphorical,STATE
suspicious state,(；¬_¬),ASCII art '(；¬_¬)' representing suspicious state,Metaphorical,STATE
judging state,(￣._.￣),ASCII art '(￣._.￣)' representing judging state,Metaphorical,STATE
indifferent state,( ´_ゝ`),ASCII art '( ´_ゝ`)' representing indifferent state,Metaphorical,STATE
stoic state,(ﾟ⊿ﾟ),ASCII art '(ﾟ⊿ﾟ)' representing stoic state,Metaphorical,STATE
aloof state,(´ｰ`),ASCII art '(´ｰ`)' representing aloof state,Metaphorical,STATE
content state,( ˘⌣˘),ASCII art '( ˘⌣˘)' representing content state,Metaphorical,STATE
satisfied state,(*¯︶¯*),ASCII art '(*¯︶¯*)' representing satisfied state,Metaphorical,STATE
carefree state,(´∀｀),ASCII art '(´∀｀)' representing carefree state,Metaphorical,STATE
relaxed state,(￣▽￣),ASCII art '(￣▽￣)' representing relaxed state,Metaphorical,STATE
pleasant state,(´▽｀),ASCII art '(´▽｀)' representing pleasant state,Metaphorical,STATE
cheerful state,(・∀・),ASCII art '(・∀・)' representing cheerful state,Metaphorical,STATE
glad state,(＾▽＾),ASCII art '(＾▽＾)' representing glad state,Metaphorical,STATE
overexcited state,(≧∇≦),ASCII art '(≧∇≦)' representing overexcited state,Metaphorical,STATE
blissful state,(≧◡≦),ASCII art '(≧◡≦)' representing blissful state,Metaphorical,STATE
shy state,(´｡• ᵕ •｡`),ASCII art '(´｡• ᵕ •｡`)' representing shy state,Metaphorical,STATE
blushing state,(⁄ ⁄•⁄ω⁄•⁄ ⁄),ASCII art '(⁄ ⁄•⁄ω⁄•⁄ ⁄)' representing blushing state,Metaphorical,STATE
bashful state,(*´ω｀*),ASCII art '(*´ω｀*)' representing bashful state,Metaphorical,STATE
timid state,(〃ω〃),ASCII art '(〃ω〃)' representing timid state,Metaphorical,STATE
hiding state,(/ω＼),ASCII art '(/ω＼)' representing hiding state,Metaphorical,STATE
hiding blush state,(*/ω＼*),ASCII art '(*/ω＼*)' representing hiding blush state,Metaphorical,STATE
in love state,(｡♥‿♥｡),ASCII art '(｡♥‿♥｡)' representing in love state,Metaphorical,STATE
lovesick state,(♡μ_μ),ASCII art '(♡μ_μ)' representing lovesick state,Metaphorical,STATE
smitten state,"(´,,•ω•,,)♡","ASCII art '(´,,•ω•,,)♡' representing smitten state",Metaphorical,STATE
pouting state,(๑•́ ₃ •̀๑),ASCII art '(๑•́ ₃ •̀๑)' representing pouting state,Metaphorical,STATE
sad cute state,(๑•́ω•̀๑),ASCII art '(๑•́ω•̀๑)' representing sad cute state,Metaphorical,STATE
calm state,(๑˘︶˘๑),ASCII art '(๑˘︶˘๑)' representing calm state,Metaphorical,STATE
easygoing state,( ˘▾˘ ),ASCII art '( ˘▾˘ )' representing easygoing state,Metaphorical,STATE
chill state extra,( ˘ω˘ ),ASCII art '( ˘ω˘ )' representing chill state extra,Metaphorical,STATE
cool state,(⌐■_■),ASCII art '(⌐■_■)' representing cool state,Metaphorical,STATE
cheeky state,( ͡° ͜ʖ ͡°),ASCII art '( ͡° ͜ʖ ͡°)' representing cheeky state,Metaphorical,STATE
sly state,(¬‿¬),ASCII art '(¬‿¬)' representing sly state,Metaphorical,STATE
smug state,(￣ー￣),ASCII art '(￣ー￣)' representing smug state,Metaphorical,STATE
superior state,(￣^￣),ASCII art '(￣^￣)' representing superior state,Metaphorical,STATE
villainous state,(｀∀´) Ψ,ASCII art '(｀∀´) Ψ' representing villainous state,Metaphorical,STATE
furious state,(╬ಠ益ಠ),ASCII art '(╬ಠ益ಠ)' representing furious state,Metaphorical,STATE
yelling state,(｀Д´),ASCII art '(｀Д´)' representing yelling state,Metaphorical,STATE
spiky angry state,(｀△´),ASCII art '(｀△´)' representing spiky angry state,Metaphorical,STATE
pouting angry state,(｀ε´),ASCII art '(｀ε´)' representing pouting angry state,Metaphorical,STATE
vein angry state,(#｀ε´),ASCII art '(#｀ε´)' representing vein angry state,Metaphorical,STATE
amazed state,(ﾟ∀ﾟ),ASCII art '(ﾟ∀ﾟ)' representing amazed state,Metaphorical,STATE
sparkle state,( ﾟヮﾟ),ASCII art '( ﾟヮﾟ)' representing sparkle state,Metaphorical,STATE
starry state,(☆▽☆),ASCII art '(☆▽☆)' representing starry state,Metaphorical,STATE
dazzled state,(*_*),ASCII art '(*_*)' representing dazzled state,Metaphorical,STATE
startled state,(´⊙ω⊙`),ASCII art '(´⊙ω⊙`)' representing startled state,Metaphorical,STATE
gaping state,(°ロ°),ASCII art '(°ロ°)' representing gaping state,Metaphorical,STATE
degree shock state,(°Д°),ASCII art '(°Д°)' representing degree shock state,Metaphorical,STATE
surprised state,(；゜○゜),ASCII art '(；゜○゜)' representing surprised state,Metaphorical,STATE
oh state,(ﾟoﾟ),ASCII art '(ﾟoﾟ)' representing oh state,Metaphorical,STATE
uneven circles state,(⊙_☉),ASCII art '(⊙_☉)' representing uneven circles state,Metaphorical,STATE
tiny stare state,(゜_゜),ASCII art '(゜_゜)' representing tiny stare state,Metaphorical,STATE
spaced observe state,( •_• ),ASCII art '( •_• )' representing spaced observe state,Metaphorical,STATE
looking aside state,(・・ ),ASCII art '(・・ )' representing looking aside state,Metaphorical,STATE
teddy bear,ʕ•ᴥ•ʔ,ASCII art 'ʕ•ᴥ•ʔ' representing teddy bear,Metaphorical,OBJECT
kitty face,(=^･ω･^=),ASCII art '(=^･ω･^=)' representing kitty face,Metaphorical,OBJECT
puppy face extra,U・x・U,ASCII art 'U・x・U' representing puppy face extra,Metaphorical,OBJECT
cat head,( Φ ω Φ ),ASCII art '( Φ ω Φ )' representing cat head,Metaphorical,OBJECT
fox face,(◕ᴥ◕ʋ),ASCII art '(◕ᴥ◕ʋ)' representing fox face,Metaphorical,OBJECT
bear head,ʕ·ᴥ·ʔ,ASCII art 'ʕ·ᴥ·ʔ' representing bear head,Metaphorical,OBJECT
round kitty,(=①ω①=),ASCII art '(=①ω①=)' representing round kitty,Metaphorical,OBJECT
wide kitty,(ﾐචᆽචﾐ),ASCII art '(ﾐචᆽචﾐ)' representing wide kitty,Metaphorical,OBJECT
cat mask,(ΦωΦ),ASCII art '(ΦωΦ)' representing cat mask,Metaphorical,OBJECT
hot tea cup,( ˘▽˘)っ♨,ASCII art '( ˘▽˘)っ♨' representing hot tea cup,Metaphorical,OBJECT
tasty snack,(っ˘ڡ˘ς),ASCII art '(っ˘ڡ˘ς)' representing tasty snack,Metaphorical,OBJECT
floating heart,( ´ ▽ ` ).｡ｏ♡,ASCII art '( ´ ▽ ` ).｡ｏ♡' representing floating heart,Metaphorical,OBJECT
heart person,♡( ◡‿◡ ),ASCII art '♡( ◡‿◡ )' representing heart person,Metaphorical,OBJECT
kiss heart,( ˘ ³˘)♥,ASCII art '( ˘ ³˘)♥' representing kiss heart,Metaphorical,OBJECT
heart eyes icon,(｡♥‿♥｡),ASCII art '(｡♥‿♥｡)' representing heart eyes icon,Metaphorical,OBJECT
hug figure,(づ￣ ³￣)づ,ASCII art '(づ￣ ³￣)づ' representing hug figure,Metaphorical,OBJECT
table being set,┬─┬ノ( º _ ºノ),ASCII art '┬─┬ノ( º _ ºノ)' representing table being set,Metaphorical,OBJECT
flipped table,┻━┻,ASCII art '┻━┻' representing flipped table,Metaphorical,OBJECT
upright table,┳━┳,ASCII art '┳━┳' representing upright table,Metaphorical,OBJECT
roof raise figure,┌(┌^o^)┐,ASCII art '┌(┌^o^)┐' representing roof raise figure,Metaphorical,OBJECT
dancer figure,♪┏(・o･)┛♪,ASCII art '♪┏(・o･)┛♪' representing dancer figure,Metaphorical,OBJECT
walker figure,ᕕ( ᐛ )ᕗ,ASCII art 'ᕕ( ᐛ )ᕗ' representing walker figure,Metaphorical,OBJECT
pointing hands,(☞ﾟヮﾟ)☞,ASCII art '(☞ﾟヮﾟ)☞' representing pointing hands,Metaphorical,OBJECT
shades figure,(⌐■_■),ASCII art '(⌐■_■)' representing shades figure,Metaphorical,OBJECT
shrug figure,¯\_(ツ)_/¯,ASCII art '¯\_(ツ)_/¯' representing shrug figure,Metaphorical,OBJECT
group bow,orz orz orz,ASCII art 'orz orz orz' representing group bow,Semantic List,ACTION
scattered bow,orz  orz   orz,ASCII art 'orz  orz   orz' representing scattered bow,Semantic List,ACTION
line of bow,orz orz orz orz,ASCII art 'orz orz orz orz' representing line of bow,Semantic List,ACTION
spaced bow,orz   orz,ASCII art 'orz   orz' representing spaced bow,Semantic List,ACTION
uneven bow,orz orz  orz,ASCII art 'orz orz  orz' representing uneven bow,Semantic List,ACTION
group wave,o/ o/ o/,ASCII art 'o/ o/ o/' representing group wave,Semantic List,ACTION
paired wave,o/ o/,ASCII art 'o/ o/' representing paired wave,Semantic List,ACTION
scattered wave,o/  o/   o/,ASCII art 'o/  o/   o/' representing scattered wave,Semantic List,ACTION
line of wave,o/ o/ o/ o/,ASCII art 'o/ o/ o/ o/' representing line of wave,Semantic List,ACTION
spaced wave,o/   o/,ASCII art 'o/   o/' representing spaced wave,Semantic List,ACTION
uneven wave,o/ o/  o/,ASCII art 'o/ o/  o/' representing uneven wave,Semantic List,ACTION
group cheer,\o/ \o/ \o/,ASCII art '\o/ \o/ \o/' representing group cheer,Semantic List,ACTION
paired cheer,\o/ \o/,ASCII art '\o/ \o/' representing paired cheer,Semantic List,ACTION
scattered cheer,\o/  \o/   \o/,ASCII art '\o/  \o/   \o/' representing scattered cheer,Semantic List,ACTION
line of cheer,\o/ \o/ \o/ \o/,ASCII art '\o/ \o/ \o/ \o/' representing line of cheer,Semantic List,ACTION
spaced cheer,\o/   \o/,ASCII art '\o/   \o/' representing spaced cheer,Semantic List,ACTION
uneven cheer,\o/ \o/  \o/,ASCII art '\o/ \o/  \o/' representing uneven cheer,Semantic List,ACTION
group rock,\m/ \m/ \m/,ASCII art '\m/ \m/ \m/' representing group rock,Semantic List,ACTION
paired rock,\m/ \m/,ASCII art '\m/ \m/' representing paired rock,Semantic List,ACTION
scattered rock,\m/  \m/   \m/,ASCII art '\m/  \m/   \m/' representing scattered rock,Semantic List,ACTION
line of rock,\m/ \m/ \m/ \m/,ASCII art '\m/ \m/ \m/ \m/' representing line of rock,Semantic List,ACTION
spaced rock,\m/   \m/,ASCII art '\m/   \m/' representing spaced rock,Semantic List,ACTION
uneven rock,\m/ \m/  \m/,ASCII art '\m/ \m/  \m/' representing uneven rock,Semantic List,ACTION
group salute,o7 o7 o7,ASCII art 'o7 o7 o7' representing group salute,Semantic List,ACTION
scattered salute,o7  o7   o7,ASCII art 'o7  o7   o7' representing scattered salute,Semantic List,ACTION
line of salute,o7 o7 o7 o7,ASCII art 'o7 o7 o7 o7' representing line of salute,Semantic List,ACTION
spaced salute,o7   o7,ASCII art 'o7   o7' representing spaced salute,Semantic List,ACTION
uneven salute,o7 o7  o7,ASCII art 'o7 o7  o7' representing uneven salute,Semantic List,ACTION
group hug kiss,xoxo xoxo xoxo,ASCII art 'xoxo xoxo xoxo' representing group hug kiss,Semantic List,ACTION
paired hug kiss,xoxo xoxo,ASCII art 'xoxo xoxo' representing paired hug kiss,Semantic List,ACTION
scattered hug kiss,xoxo  xoxo   xoxo,ASCII art 'xoxo  xoxo   xoxo' representing scattered hug kiss,Semantic List,ACTION
line of hug kiss,xoxo xoxo xoxo xoxo,ASCII art 'xoxo xoxo xoxo xoxo' representing line of hug kiss,Semantic List,ACTION
spaced hug kiss,xoxo   xoxo,ASCII art 'xoxo   xoxo' representing spaced hug kiss,Semantic List,ACTION
uneven hug kiss,xoxo xoxo  xoxo,ASCII art 'xoxo xoxo  xoxo' representing uneven hug kiss,Semantic List,ACTION
group high five,^5 ^5 ^5,ASCII art '^5 ^5 ^5' representing group high five,Semantic List,ACTION
paired high five,^5 ^5,ASCII art '^5 ^5' representing paired high five,Semantic List,ACTION
scattered high five,^5  ^5   ^5,ASCII art '^5  ^5   ^5' representing scattered high five,Semantic List,ACTION
line of high five,^5 ^5 ^5 ^5,ASCII art '^5 ^5 ^5 ^5' representing line of high five,Semantic List,ACTION
spaced high five,^5   ^5,ASCII art '^5   ^5' representing spaced high five,Semantic List,ACTION
uneven high five,^5 ^5  ^5,ASCII art '^5 ^5  ^5' representing uneven high five,Semantic List,ACTION
group apology,m(_ _)m m(_ _)m m(_ _)m,ASCII art 'm(_ _)m m(_ _)m m(_ _)m' representing group apology,Semantic List,ACTION
paired apology,m(_ _)m m(_ _)m,ASCII art 'm(_ _)m m(_ _)m' representing paired apology,Semantic List,ACTION
scattered apology,m(_ _)m  m(_ _)m   m(_ _)m,ASCII art 'm(_ _)m  m(_ _)m   m(_ _)m' representing scattered apology,Semantic List,ACTION
line of apology,m(_ _)m m(_ _)m m(_ _)m m(_ _)m,ASCII art 'm(_ _)m m(_ _)m m(_ _)m m(_ _)m' representing line of apology,Semantic List,ACTION
spaced apology,m(_ _)m   m(_ _)m,ASCII art 'm(_ _)m   m(_ _)m' representing spaced apology,Semantic List,ACTION
uneven apology,m(_ _)m m(_ _)m  m(_ _)m,ASCII art 'm(_ _)m m(_ _)m  m(_ _)m' representing uneven apology,Semantic List,ACTION
group arrow,-> -> ->,ASCII art '-> -> ->' representing group arrow,Semantic List,ACTION
paired arrow,-> ->,ASCII art '-> ->' representing paired arrow,Semantic List,ACTION
scattered arrow,->  ->   ->,ASCII art '->  ->   ->' representing scattered arrow,Semantic List,ACTION
line of arrow,-> -> -> ->,ASCII art '-> -> -> ->' representing line of arrow,Semantic List,ACTION
spaced arrow,->   ->,ASCII art '->   ->' representing spaced arrow,Semantic List,ACTION
uneven arrow,-> ->  ->,ASCII art '-> ->  ->' representing uneven arrow,Semantic List,ACTION
group long arrow,--> --> -->,ASCII art '--> --> -->' representing group long arrow,Semantic List,ACTION
paired long arrow,--> -->,ASCII art '--> -->' representing paired long arrow,Semantic List,ACTION
scattered long arrow,-->  -->   -->,ASCII art '-->  -->   -->' representing scattered long arrow,Semantic List,ACTION
line of long arrow,--> --> --> -->,ASCII art '--> --> --> -->' representing line of long arrow,Semantic List,ACTION
spaced long arrow,-->   -->,ASCII art '-->   -->' representing spaced long arrow,Semantic List,ACTION
uneven long arrow,--> -->  -->,ASCII art '--> -->  -->' representing uneven long arrow,Semantic List,ACTION
group chevron,>> >> >>,ASCII art '>> >> >>' representing group chevron,Semantic List,ACTION
paired chevron,>> >>,ASCII art '>> >>' representing paired chevron,Semantic List,ACTION
scattered chevron,>>  >>   >>,ASCII art '>>  >>   >>' representing scattered chevron,Semantic List,ACTION
line of chevron,>> >> >> >>,ASCII art '>> >> >> >>' representing line of chevron,Semantic List,ACTION
spaced chevron,>>   >>,ASCII art '>>   >>' representing spaced chevron,Semantic List,ACTION
uneven chevron,>> >>  >>,ASCII art '>> >>  >>' representing uneven chevron,Semantic List,ACTION
group back chevron,<< << <<,ASCII art '<< << <<' representing group back chevron,Semantic List,ACTION
paired back chevron,<< <<,ASCII art '<< <<' representing paired back chevron,Semantic List,ACTION
scattered back chevron,<<  <<   <<,ASCII art '<<  <<   <<' representing scattered back chevron,Semantic List,ACTION
line of back chevron,<< << << <<,ASCII art '<< << << <<' representing line of back chevron,Semantic List,ACTION
spaced back chevron,<<   <<,ASCII art '<<   <<' representing spaced back chevron,Semantic List,ACTION
uneven back chevron,<< <<  <<,ASCII art '<< <<  <<' representing uneven back chevron,Semantic List,ACTION
group up,^ ^ ^,ASCII art '^ ^ ^' representing group up,Semantic List,ACTION
paired up,^ ^,ASCII art '^ ^' representing paired up,Semantic List,ACTION
scattered up,^  ^   ^,ASCII art '^  ^   ^' representing scattered up,Semantic List,ACTION
line of up,^ ^ ^ ^,ASCII art '^ ^ ^ ^' representing line of up,Semantic List,ACTION
spaced up,^   ^,ASCII art '^   ^' representing spaced up,Semantic List,ACTION
uneven up,^ ^  ^,ASCII art '^ ^  ^' representing uneven up,Semantic List,ACTION
group down,v v v,ASCII art 'v v v' representing group down,Semantic List,ACTION
paired down,v v,ASCII art 'v v' representing paired down,Semantic List,ACTION
scattered down,v  v   v,ASCII art 'v  v   v' representing scattered down,Semantic List,ACTION
line of down,v v v v,ASCII art 'v v v v' representing line of down,Semantic List,ACTION
spaced down,v   v,ASCII art 'v   v' representing spaced down,Semantic List,ACTION
uneven down,v v  v,ASCII art 'v v  v' representing uneven down,Semantic List,ACTION
group star,* * *,ASCII art '* * *' representing group star,Semantic List,OBJECT
paired star,* *,ASCII art '* *' representing paired star,Semantic List,OBJECT
scattered star,*  *   *,ASCII art '*  *   *' representing scattered star,Semantic List,OBJECT
line of star,* * * *,ASCII art '* * * *' representing line of star,Semantic List,OBJECT
spaced star,*   *,ASCII art '*   *' representing spaced star,Semantic List,OBJECT
uneven star,* *  *,ASCII art '* *  *' representing uneven star,Semantic List,OBJECT
group plus,+ + +,ASCII art '+ + +' representing group plus,Semantic List,OBJECT
paired plus,+ +,ASCII art '+ +' representing paired plus,Semantic List,OBJECT
scattered plus,+  +   +,ASCII art '+  +   +' representing scattered plus,Semantic List,OBJECT
line of plus,+ + + +,ASCII art '+ + + +' representing line of plus,Semantic List,OBJECT
spaced plus,+   +,ASCII art '+   +' representing spaced plus,Semantic List,OBJECT
uneven plus,+ +  +,ASCII art '+ +  +' representing uneven plus,Semantic List,OBJECT
group hash,# # #,ASCII art '# # #' representing group hash,Semantic List,OBJECT
paired hash,# #,ASCII art '# #' representing paired hash,Semantic List,OBJECT
scattered hash,#  #   #,ASCII art '#  #   #' representing scattered hash,Semantic List,OBJECT
line of hash,# # # #,ASCII art '# # # #' representing line of hash,Semantic List,OBJECT
spaced hash,#   #,ASCII art '#   #' representing spaced hash,Semantic List,OBJECT
uneven hash,# #  #,ASCII art '# #  #' representing uneven hash,Semantic List,OBJECT
group money,$ $ $,ASCII art '$ $ $' representing group money,Semantic List,OBJECT
paired money,$ $,ASCII art '$ $' representing paired money,Semantic List,OBJECT
scattered money,$  $   $,ASCII art '$  $   $' representing scattered money,Semantic List,OBJECT
line of money,$ $ $ $,ASCII art '$ $ $ $' representing line of money,Semantic List,OBJECT
spaced money,$   $,ASCII art '$   $' representing spaced money,Semantic List,OBJECT
uneven money,$ $  $,ASCII art '$ $  $' representing uneven money,Semantic List,OBJECT
group at,@ @ @,ASCII art '@ @ @' representing group at,Semantic List,OBJECT
paired at,@ @,ASCII art '@ @' representing paired at,Semantic List,OBJECT
scattered at,@  @   @,ASCII art '@  @   @' representing scattered at,Semantic List,OBJECT
line of at,@ @ @ @,ASCII art '@ @ @ @' representing line of at,Semantic List,OBJECT
spaced at,@   @,ASCII art '@   @' representing spaced at,Semantic List,OBJECT
uneven at,@ @  @,ASCII art '@ @  @' representing uneven at,Semantic List,OBJECT
group and,& & &,ASCII art '& & &' representing group and,Semantic List,OBJECT
paired and,& &,ASCII art '& &' representing paired and,Semantic List,OBJECT
scattered and,&  &   &,ASCII art '&  &   &' representing scattered and,Semantic List,OBJECT
line of and,& & & &,ASCII art '& & & &' representing line of and,Semantic List,OBJECT
spaced and,&   &,ASCII art '&   &' representing spaced and,Semantic List,OBJECT
uneven and,& &  &,ASCII art '& &  &' representing uneven and,Semantic List,OBJECT
group percent,% % %,ASCII art '% % %' representing group percent,Semantic List,OBJECT
paired percent,% %,ASCII art '% %' representing paired percent,Semantic List,OBJECT
scattered percent,%  %   %,ASCII art '%  %   %' representing scattered percent,Semantic List,OBJECT
line of percent,% % % %,ASCII art '% % % %' representing line of percent,Semantic List,OBJECT
spaced percent,%   %,ASCII art '%   %' representing spaced percent,Semantic List,OBJECT
uneven percent,% %  %,ASCII art '% %  %' representing uneven percent,Semantic List,OBJECT
group circle,o o o,ASCII art 'o o o' representing group circle,Semantic List,OBJECT
paired circle,o o,ASCII art 'o o' representing paired circle,Semantic List,OBJECT
scattered circle,o  o   o,ASCII art 'o  o   o' representing scattered circle,Semantic List,OBJECT
line of circle,o o o o,ASCII art 'o o o o' representing line of circle,Semantic List,OBJECT
spaced circle,o   o,ASCII art 'o   o' representing spaced circle,Semantic List,OBJECT
uneven circle,o o  o,ASCII art 'o o  o' representing uneven circle,Semantic List,OBJECT
group cross,x x x,ASCII art 'x x x' representing group cross,Semantic List,OBJECT
paired cross,x x,ASCII art 'x x' representing paired cross,Semantic List,OBJECT
scattered cross,x  x   x,ASCII art 'x  x   x' representing scattered cross,Semantic List,OBJECT
line of cross,x x x x,ASCII art 'x x x x' representing line of cross,Semantic List,OBJECT
spaced cross,x   x,ASCII art 'x   x' representing spaced cross,Semantic List,OBJECT
uneven cross,x x  x,ASCII art 'x x  x' representing uneven cross,Semantic List,OBJECT
group box,[] [] [],ASCII art '[] [] []' representing group box,Semantic List,OBJECT
paired box,[] [],ASCII art '[] []' representing paired box,Semantic List,OBJECT
scattered box,[]  []   [],ASCII art '[]  []   []' representing scattered box,Semantic List,OBJECT
line of box,[] [] [] [],ASCII art '[] [] [] []' representing line of box,Semantic List,OBJECT
spaced box,[]   [],ASCII art '[]   []' representing spaced box,Semantic List,OBJECT
uneven box,[] []  [],ASCII art '[] []  []' representing uneven box,Semantic List,OBJECT
group parens,() () (),ASCII art '() () ()' representing group parens,Semantic List,OBJECT
paired parens,() (),ASCII art '() ()' representing paired parens,Semantic List,OBJECT
scattered parens,()  ()   (),ASCII art '()  ()   ()' representing scattered parens,Semantic List,OBJECT
line of parens,() () () (),ASCII art '() () () ()' representing line of parens,Semantic List,OBJECT
spaced parens,()   (),ASCII art '()   ()' representing spaced parens,Semantic List,OBJECT
uneven parens,() ()  (),ASCII art '() ()  ()' representing uneven parens,Semantic List,OBJECT
group braces,{} {} {},ASCII art '{} {} {}' representing group braces,Semantic List,OBJECT
paired braces,{} {},ASCII art '{} {}' representing paired braces,Semantic List,OBJECT
scattered braces,{}  {}   {},ASCII art '{}  {}   {}' representing scattered braces,Semantic List,OBJECT
line of braces,{} {} {} {},ASCII art '{} {} {} {}' representing line of braces,Semantic List,OBJECT
spaced braces,{}   {},ASCII art '{}   {}' representing spaced braces,Semantic List,OBJECT
uneven braces,{} {}  {},ASCII art '{} {}  {}' representing uneven braces,Semantic List,OBJECT
group diamond,<> <> <>,ASCII art '<> <> <>' representing group diamond,Semantic List,OBJECT
paired diamond,<> <>,ASCII art '<> <>' representing paired diamond,Semantic List,OBJECT
scattered diamond,<>  <>   <>,ASCII art '<>  <>   <>' representing scattered diamond,Semantic List,OBJECT
line of diamond,<> <> <> <>,ASCII art '<> <> <> <>' representing line of diamond,Semantic List,OBJECT
spaced diamond,<>   <>,ASCII art '<>   <>' representing spaced diamond,Semantic List,OBJECT
uneven diamond,<> <>  <>,ASCII art '<> <>  <>' representing uneven diamond,Semantic List,OBJECT
group bar,| | |,ASCII art '| | |' representing group bar,Semantic List,OBJECT
paired bar,| |,ASCII art '| |' representing paired bar,Semantic List,OBJECT
scattered bar,|  |   |,ASCII art '|  |   |' representing scattered bar,Semantic List,OBJECT
line of bar,| | | |,ASCII art '| | | |' representing line of bar,Semantic List,OBJECT
spaced bar,|   |,ASCII art '|   |' representing spaced bar,Semantic List,OBJECT
uneven bar,| |  |,ASCII art '| |  |' representing uneven bar,Semantic List,OBJECT
group equals,= = =,ASCII art '= = =' representing group equals,Semantic List,OBJECT
scattered equals,=  =   =,ASCII art '=  =   =' representing scattered equals,Semantic List,OBJECT
line of equals,= = = =,ASCII art '= = = =' representing line of equals,Semantic List,OBJECT
spaced equals,=   =,ASCII art '=   =' representing spaced equals,Semantic List,OBJECT
uneven equals,= =  =,ASCII art '= =  =' representing uneven equals,Semantic List,OBJECT
group heart symbol,♥ ♥ ♥,ASCII art '♥ ♥ ♥' representing group heart symbol,Semantic List,OBJECT
paired heart symbol,♥ ♥,ASCII art '♥ ♥' representing paired heart symbol,Semantic List,OBJECT
scattered heart symbol,♥  ♥   ♥,ASCII art '♥  ♥   ♥' representing scattered heart symbol,Semantic List,OBJECT
line of heart symbol,♥ ♥ ♥ ♥,ASCII art '♥ ♥ ♥ ♥' representing line of heart symbol,Semantic List,OBJECT
spaced heart symbol,♥   ♥,ASCII art '♥   ♥' representing spaced heart symbol,Semantic List,OBJECT
uneven heart symbol,♥ ♥  ♥,ASCII art '♥ ♥  ♥' representing uneven heart symbol,Semantic List,OBJECT
group filled star,★ ★ ★,ASCII art '★ ★ ★' representing group filled star,Semantic List,OBJECT
paired filled star,★ ★,ASCII art '★ ★' representing paired filled star,Semantic List,OBJECT
scattered filled star,★  ★   ★,ASCII art '★  ★   ★' representing scattered filled star,Semantic List,OBJECT
line of filled star,★ ★ ★ ★,ASCII art '★ ★ ★ ★' representing line of filled star,Semantic List,OBJECT
spaced filled star,★   ★,ASCII art '★   ★' representing spaced filled star,Semantic List,OBJECT
strong left extra,<<<<<<,ASCII art '<<<<<<' representing strong left extra,Reduplication,ACTION
extra strong right,>>>>>>>,ASCII art '>>>>>>>' representing extra strong right,Reduplication,ACTION
many more ups,^^^^^^^^,ASCII art '^^^^^^^^' representing many more ups,Reduplication,ACTION
many more downs,vvvvvvv,ASCII art 'vvvvvvv' representing many more downs,Reduplication,ACTION
long dash arrow,------>,ASCII art '------>' representing long dash arrow,Reduplication,ACTION
long left dash arrow,<------,ASCII art '<------' representing long left dash arrow,Reduplication,ACTION
rush right extra,>>>>>>,ASCII art '>>>>>>' representing rush right extra,Reduplication,ACTION
rush left extra,<<<<<<,ASCII art '<<<<<<' representing rush left extra,Reduplication,ACTION
wave arrow,~~~~~>,ASCII art '~~~~~>' representing wave arrow,Reduplication,ACTION
left wave arrow,<~~~~~,ASCII art '<~~~~~' representing left wave arrow,Reduplication,ACTION
many circles action,oooooo,ASCII art 'oooooo' representing many circles action,Reduplication,ACTION
many x marks action,xxxxx,ASCII art 'xxxxx' representing many x marks action,Reduplication,ACTION
many hashes extra,#####,ASCII art '#####' representing many hashes extra,Reduplication,OBJECT
lots of money extra,$$$$$$,ASCII art '$$$$$$' representing lots of money extra,Reduplication,OBJECT
many stars extra,******,ASCII art '******' representing many stars extra,Reduplication,OBJECT
many pluses extra,++++++,ASCII art '++++++' representing many pluses extra,Reduplication,OBJECT
long equals extra,======,ASCII art '======' representing long equals extra,Reduplication,OBJECT
long line extra,------,ASCII art '------' representing long line extra,Reduplication,OBJECT
wavy line extra,~~~~~~,ASCII art '~~~~~~' representing wavy line extra,Reduplication,OBJECT
many ats extra,@@@@@@,ASCII art '@@@@@@' representing many ats extra,Reduplication,OBJECT
many ands extra,&&&&&&,ASCII art '&&&&&&' representing many ands extra,Reduplication,OBJECT
many percents extra,%%%%%%,ASCII art '%%%%%%' representing many percents extra,Reduplication,OBJECT
bang wall extra,!!!!!!,ASCII art '!!!!!!' representing bang wall extra,Reduplication,OBJECT
star wall extra,******,ASCII art '******' representing star wall extra,Reduplication,OBJECT
circle wall,oooooo,ASCII art 'oooooo' representing circle wall,Reduplication,OBJECT
x wall,xxxxxx,ASCII art 'xxxxxx' representing x wall,Reduplication,OBJECT
bar wall,||||||,ASCII art '||||||' representing bar wall,Reduplication,OBJECT
underscore wall,______,ASCII art '______' representing underscore wall,Reduplication,OBJECT
dot wall extra,......,ASCII art '......' representing dot wall extra,Reduplication,OBJECT
spark wall,******,ASCII art '******' representing spark wall,Reduplication,OBJECT
heart wall,♥♥♥♥♥,ASCII art '♥♥♥♥♥' representing heart wall,Reduplication,OBJECT
star unicode wall,★★★★★,ASCII art '★★★★★' representing star unicode wall,Reduplication,OBJECT
note wall,♪♪♪♪♪,ASCII art '♪♪♪♪♪' representing note wall,Reduplication,OBJECT
arrow wall,→→→→→,ASCII art '→→→→→' representing arrow wall,Reduplication,OBJECT
hollow heart wall,♡♡♡♡♡,ASCII art '♡♡♡♡♡' representing hollow heart wall,Reduplication,OBJECT
extended stop,stoppp,ASCII art 'stoppp' representing extended stop,Reduplication,ACTION
repeated go,gogogo,ASCII art 'gogogo' representing repeated go,Reduplication,ACTION
repeated run,runrun,ASCII art 'runrun' representing repeated run,Reduplication,ACTION
left wall extra,<<<<<<,ASCII art '<<<<<<' representing left wall extra,Reduplication,ACTION
right wall extra,>>>>>>,ASCII art '>>>>>>' representing right wall extra,Reduplication,ACTION
star wall extra2,******,ASCII art '******' representing star wall extra2,Reduplication,OBJECT
money wall extra,$$$$$$,ASCII art '$$$$$$' representing money wall extra,Reduplication,OBJECT
three hearts wall,♥♥♥,ASCII art '♥♥♥' representing three hearts wall,Reduplication,OBJECT
orz concat,orzorzorz,ASCII art 'orzorzorz' representing orz concat,Reduplication,ACTION
wave concat,o/o/o/,ASCII art 'o/o/o/' representing wave concat,Reduplication,ACTION
cheer concat,\o/\o/\o/,ASCII art '\o/\o/\o/' representing cheer concat,Reduplication,ACTION
triple unicode arrow,→→→,ASCII art '→→→' representing triple unicode arrow,Reduplication,ACTION
triple unicode star,★★★,ASCII art '★★★' representing triple unicode star,Reduplication,OBJECT
triple notes,♪♪♪,ASCII art '♪♪♪' representing triple notes,Reduplication,OBJECT
extended go,goooooo,ASCII art 'goooooo' representing extended go,Reduplication,ACTION
extended come,comeeee,ASCII art 'comeeee' representing extended come,Reduplication,ACTION
extended look,lookkk,ASCII art 'lookkk' representing extended look,Reduplication,ACTION
repeated jump,jumpjump,ASCII art 'jumpjump' representing repeated jump,Reduplication,ACTION
repeated dance,dancedance,ASCII art 'dancedance' representing repeated dance,Reduplication,ACTION
repeated bye,byebye,ASCII art 'byebye' representing repeated bye,Reduplication,ACTION
extended hi,hiiiii,ASCII art 'hiiiii' representing extended hi,Reduplication,ACTION
extended hey,heyyyy,ASCII art 'heyyyy' representing extended hey,Reduplication,ACTION
extended thanks,tyyyy,ASCII art 'tyyyy' representing extended thanks,Reduplication,ACTION
extended please,plzzzz,ASCII art 'plzzzz' representing extended please,Reduplication,ACTION
extended brb,BRBBBB,ASCII art 'BRBBBB' representing extended brb,Reduplication,ACTION
extended g2g,G2GGGG,ASCII art 'G2GGGG' representing extended g2g,Reduplication,ACTION
hash wall extra2,########,ASCII art '########' representing hash wall extra2,Reduplication,OBJECT
star wall extra3,********,ASCII art '********' representing star wall extra3,Reduplication,OBJECT
plus wall extra2,++++++++,ASCII art '++++++++' representing plus wall extra2,Reduplication,OBJECT
equals wall extra2,========,ASCII art '========' representing equals wall extra2,Reduplication,OBJECT
tilde wall extra2,~~~~~~~~,ASCII art '~~~~~~~~' representing tilde wall extra2,Reduplication,OBJECT
underscore extra2,________,ASCII art '________' representing underscore extra2,Reduplication,OBJECT
dot wall extra2,........,ASCII art '........' representing dot wall extra2,Reduplication,OBJECT
money extra2,$$$$$$$$,ASCII art '$$$$$$$$' representing money extra2,Reduplication,OBJECT
hollow heart,♡,ASCII art '♡' representing hollow heart,Single,OBJECT
red heart,❤,ASCII art '❤' representing red heart,Single,OBJECT
fancy heart,❥,ASCII art '❥' representing fancy heart,Single,OBJECT
floral heart,❧,ASCII art '❧' representing floral heart,Single,OBJECT
star emoji,⭐,ASCII art '⭐' representing star emoji,Single,OBJECT
glowing star,🌟,ASCII art '🌟' representing glowing star,Single,OBJECT
sun extra,☀,ASCII art '☀' representing sun extra,Single,OBJECT
cloud extra,☁,ASCII art '☁' representing cloud extra,Single,OBJECT
umbrella extra,☂,ASCII art '☂' representing umbrella extra,Single,OBJECT
snowflake,❄,ASCII art '❄' representing snowflake,Single,OBJECT
forward action,→,ASCII art '→' representing forward action,Single,ACTION
back action,←,ASCII art '←' representing back action,Single,ACTION
rise action,↑,ASCII art '↑' representing rise action,Single,ACTION
fall action,↓,ASCII art '↓' representing fall action,Single,ACTION
pointing finger,☞,ASCII art '☞' representing pointing finger,Single,ACTION
left pointing finger,☜,ASCII art '☜' representing left pointing finger,Single,ACTION
up pointing finger,☝,ASCII art '☝' representing up pointing finger,Single,ACTION
down pointing finger,☟,ASCII art '☟' representing down pointing finger,Single,ACTION
raised hand,✋,ASCII art '✋' representing raised hand,Single,ACTION
victory hand,✌,ASCII art '✌' representing victory hand,Single,ACTION
writing hand,✍,ASCII art '✍' representing writing hand,Single,ACTION
heart action extra,❤,ASCII art '❤' representing heart action extra,Single,ACTION
kissy arms up,(ﾉ´ з `)ノ,ASCII art '(ﾉ´ з `)ノ' representing kissy arms up,Metaphorical,ACTION
jumping for joy extra,(ﾉ≧∀≦)ﾉ,ASCII art '(ﾉ≧∀≦)ﾉ' representing jumping for joy extra,Metaphorical,ACTION
squeal jump,(ﾉ>ω<)ﾉ,ASCII art '(ﾉ>ω<)ﾉ' representing squeal jump,Metaphorical,ACTION
omega thumbs,(･ω･)b,ASCII art '(･ω･)b' representing omega thumbs,Metaphorical,ACTION
omega thumbs other,(･ω･)d,ASCII art '(･ω･)d' representing omega thumbs other,Metaphorical,ACTION
covering face,(ﾉ_ヽ),ASCII art '(ﾉ_ヽ)' representing covering face,Metaphorical,ACTION
lenny fists extra,(ง ͠° ͟ʖ ͡°)ง,ASCII art '(ง ͠° ͟ʖ ͡°)ง' representing lenny fists extra,Metaphorical,ACTION
simple lenny fight,(ง°ل͜°)ง,ASCII art '(ง°ل͜°)ง' representing simple lenny fight,Metaphorical,ACTION
unhappy strut,ᕕ( ཀ ʖ̯ ཀ)ᕗ,ASCII art 'ᕕ( ཀ ʖ̯ ཀ)ᕗ' representing unhappy strut,Metaphorical,ACTION
shocked run,ᕕ(◉Д◉ )ᕗ,ASCII art 'ᕕ(◉Д◉ )ᕗ' representing shocked run,Metaphorical,ACTION
crying run,ᕕ(ಥʖ̯ಥ)ᕗ,ASCII art 'ᕕ(ಥʖ̯ಥ)ᕗ' representing crying run,Metaphorical,ACTION
simple strut,ᕕ( ᐕ )ᕗ,ASCII art 'ᕕ( ᐕ )ᕗ' representing simple strut,Metaphorical,ACTION
strut with note,ᕕ( ᐛ )ᕗ♪,ASCII art 'ᕕ( ᐛ )ᕗ♪' representing strut with note,Metaphorical,ACTION
mustache flex extra,ᕙ(◉෴◉)ᕗ,ASCII art 'ᕙ(◉෴◉)ᕗ' representing mustache flex extra,Metaphorical,ACTION
simple flex,ᕙ(ò_ó)ᕗ,ASCII art 'ᕙ(ò_ó)ᕗ' representing simple flex,Metaphorical,ACTION
simple show strength,ᕦ(ò_ó)ᕤ,ASCII art 'ᕦ(ò_ó)ᕤ' representing simple show strength,Metaphorical,ACTION
zen hug,(つ☯﹏☯)つ,ASCII art '(つ☯﹏☯)つ' representing zen hug,Metaphorical,ACTION
angry hug,(つ◉益◉)つ,ASCII art '(つ◉益◉)つ' representing angry hug,Metaphorical,ACTION
happy tackle extra,(つ≧▽≦)つ,ASCII art '(つ≧▽≦)つ' representing happy tackle extra,Metaphorical,ACTION
sparkle tackle extra,(つ✧ω✧)つ,ASCII art '(つ✧ω✧)つ' representing sparkle tackle extra,Metaphorical,ACTION
wry hug extra,(⊃｡•́‿•̀｡)⊃,ASCII art '(⊃｡•́‿•̀｡)⊃' representing wry hug extra,Metaphorical,ACTION
simple hug arms,(⊃‿⊂),ASCII art '(⊃‿⊂)' representing simple hug arms,Metaphorical,ACTION
offering flowers,(⊃｡•́‿•̀｡)⊃━✿✿✿,ASCII art '(⊃｡•́‿•̀｡)⊃━✿✿✿' representing offering flowers,Metaphorical,ACTION
patting extra,( ´･･)ﾉ(._.`),ASCII art '( ´･･)ﾉ(._.`)' representing patting extra,Metaphorical,ACTION
dismiss extra,(；一_一)ﾉ,ASCII art '(；一_一)ﾉ' representing dismiss extra,Metaphorical,ACTION
hello extra,(＾▽＾)/,ASCII art '(＾▽＾)/' representing hello extra,Metaphorical,ACTION
excited hello extra,(≧∇≦)ﾉ,ASCII art '(≧∇≦)ﾉ' representing excited hello extra,Metaphorical,ACTION
love wave extra,(｡･ω･｡)ﾉ♡,ASCII art '(｡･ω･｡)ﾉ♡' representing love wave extra,Metaphorical,ACTION
sparkle wave extra,(*^_^*)/,ASCII art '(*^_^*)/' representing sparkle wave extra,Metaphorical,ACTION
casual hello extra,(´ ▽ ` )ﾉ,ASCII art '(´ ▽ ` )ﾉ' representing casual hello extra,Metaphorical,ACTION
happy salute extra,(°∀°)ゝ,ASCII art '(°∀°)ゝ' representing happy salute extra,Metaphorical,ACTION
cheer salute extra,(・∀・)ゝ,ASCII art '(・∀・)ゝ' representing cheer salute extra,Metaphorical,ACTION
sleepy salute extra,(-ω-)ゝ,ASCII art '(-ω-)ゝ' representing sleepy salute extra,Metaphorical,ACTION
angry salute extra,(｀Д´)ゝ,ASCII art '(｀Д´)ゝ' representing angry salute extra,Metaphorical,ACTION
stiff wave extra,( °-°)ノ,ASCII art '( °-°)ノ' representing stiff wave extra,Metaphorical,ACTION
blank wave extra,(・_・)ノ,ASCII art '(・_・)ノ' representing blank wave extra,Metaphorical,ACTION
tiny wave extra,(゜-゜)ノ,ASCII art '(゜-゜)ノ' representing tiny wave extra,Metaphorical,ACTION
offering hand extra,(o´･_･)っ,ASCII art '(o´･_･)っ' representing offering hand extra,Metaphorical,ACTION
comfort extra,( ´･･)ﾉ(._.),ASCII art '( ´･･)ﾉ(._.)' representing comfort extra,Metaphorical,ACTION
high five extra,(>^_^)> <(^_^<),ASCII art '(>^_^)> <(^_^<)' representing high five extra,Metaphorical,ACTION
dashing extra,ε=ε=ε=┌(;*´Д`)ﾉ,ASCII art 'ε=ε=ε=┌(;*´Д`)ﾉ' representing dashing extra,Metaphorical,ACTION
sprint extra,C= C= C= C=┌(;・ω・)┘,ASCII art 'C= C= C= C=┌(;・ω・)┘' representing sprint extra,Metaphorical,ACTION
spin extra,┗(^o^ )┓三,ASCII art '┗(^o^ )┓三' representing spin extra,Metaphorical,ACTION
roof extra,┌(┌^o^)┐,ASCII art '┌(┌^o^)┐' representing roof extra,Metaphorical,ACTION
both arms extra,(ノ^_^)ノ,ASCII art '(ノ^_^)ノ' representing both arms extra,Metaphorical,ACTION
textbook flip extra,(╯°□°)╯︵ ʞooqǝɔɐ,ASCII art '(╯°□°)╯︵ ʞooqǝɔɐ' representing textbook flip extra,Metaphorical,ACTION
paper throw extra,(ノ ゜Д゜)ノ,ASCII art '(ノ ゜Д゜)ノ' representing paper throw extra,Metaphorical,ACTION
happy flip extra,(ﾉ≧∇≦)ﾉ ﾐ ┸━┸,ASCII art '(ﾉ≧∇≦)ﾉ ﾐ ┸━┸' representing happy flip extra,Metaphorical,ACTION
stern flip extra,(┛ಠ_ಠ)┛彡┻━┻,ASCII art '(┛ಠ_ಠ)┛彡┻━┻' representing stern flip extra,Metaphorical,ACTION
sad flip extra,(ﾉ´･ω･)ﾉ ﾐ ┸━┸,ASCII art '(ﾉ´･ω･)ﾉ ﾐ ┸━┸' representing sad flip extra,Metaphorical,ACTION
double flip extra,┻━┻ ︵ヽ(`Д´)ﾉ︵ ┻━┻,ASCII art '┻━┻ ︵ヽ(`Д´)ﾉ︵ ┻━┻' representing double flip extra,Metaphorical,ACTION
casual flip extra,(/¯◡ ‿ ◡)/¯ ~ ┻━┻,ASCII art '(/¯◡ ‿ ◡)/¯ ~ ┻━┻' representing casual flip extra,Metaphorical,ACTION
two flip extra,(╯°□°)╯︵ ┻━┻ ︵ ╯(°□°╯),ASCII art '(╯°□°)╯︵ ┻━┻ ︵ ╯(°□°╯)' representing two flip extra,Metaphorical,ACTION
tea offer extra,( ˘▽˘)っ♨,ASCII art '( ˘▽˘)っ♨' representing tea offer extra,Metaphorical,ACTION
eating extra,(っ˘ڡ˘ς),ASCII art '(っ˘ڡ˘ς)' representing eating extra,Metaphorical,ACTION
air hearts extra,( ´ ▽ ` ).｡ｏ♡,ASCII art '( ´ ▽ ` ).｡ｏ♡' representing air hearts extra,Metaphorical,ACTION
warm hug extra,(づ｡◕‿‿◕｡)づ,ASCII art '(づ｡◕‿‿◕｡)づ' representing warm hug extra,Metaphorical,ACTION
cool hug extra,(つ▀¯▀)つ,ASCII art '(つ▀¯▀)つ' representing cool hug extra,Metaphorical,ACTION
kirby right extra2,(>^_^)>,ASCII art '(>^_^)>' representing kirby right extra2,Metaphorical,ACTION
kirby blank extra2,(>'-')>,ASCII art '(>'-')>' representing kirby blank extra2,Metaphorical,ACTION
dance left extra,~(˘▾˘~),ASCII art '~(˘▾˘~)' representing dance left extra,Metaphorical,ACTION
dance right extra2,(~˘▾˘)~,ASCII art '(~˘▾˘)~' representing dance right extra2,Metaphorical,ACTION
dance over extra,~(‾▿‾)~,ASCII art '~(‾▿‾)~' representing dance over extra,Metaphorical,ACTION
excited toss extra,(ノ*°▽°*),ASCII art '(ノ*°▽°*)' representing excited toss extra,Metaphorical,ACTION
star jump extra,ヽ(>∀<☆)ノ,ASCII art 'ヽ(>∀<☆)ノ' representing star jump extra,Metaphorical,ACTION
open joy extra,(/◕ヮ◕)/,ASCII art '(/◕ヮ◕)/' representing open joy extra,Metaphorical,ACTION
repeated go command,gogogo,ASCII art 'gogogo' representing repeated go command,Reduplication,ACTION
repeated run command,runrunrun,ASCII art 'runrunrun' representing repeated run command,Reduplication,ACTION
repeated jump command,jumpjump,ASCII art 'jumpjump' representing repeated jump command,Reduplication,ACTION
repeated dance command,dancedance,ASCII art 'dancedance' representing repeated dance command,Reduplication,ACTION
repeated farewell,byebyebye,ASCII art 'byebyebye' representing repeated farewell,Reduplication,ACTION
pointing right hand,☞,ASCII art '☞' representing pointing right hand,Single,ACTION
pointing left hand,☜,ASCII art '☜' representing pointing left hand,Single,ACTION
raising a finger,☝,ASCII art '☝' representing raising a finger,Single,ACTION
pointing downward,☟,ASCII art '☟' representing pointing downward,Single,ACTION
stopping with a hand,✋,ASCII art '✋' representing stopping with a hand,Single,ACTION
flashing victory,✌,ASCII art '✌' representing flashing victory,Single,ACTION
writing a note,✍,ASCII art '✍' representing writing a note,Single,ACTION
