{
  "models": {
    "BERT": {
      "accuracy": 0.5493333333333333,
      "precision": 0.9615384615384616,
      "recall": 0.10026737967914438,
      "f1": 0.18159806295399517
    },
    "RoBERTa": {
      "accuracy": 0.5513333333333333,
      "precision": 0.9629629629629629,
      "recall": 0.10427807486631016,
      "f1": 0.1881785283474065
    },
    "DeBERTa-v3": {
      "accuracy": 0.55,
      "precision": 0.9620253164556962,
      "recall": 0.10160427807486631,
      "f1": 0.18379685610640872
    }
  },
  "strategy_performance": {
    "BERT": {
      "Semantic List": {
        "accuracy": 0.5427631578947368,
        "precision": 1.0,
        "recall": 0.060810810810810814,
        "f1": 0.11464968152866244
      },
      "Reduplication": {
        "accuracy": 0.5616438356164384,
        "precision": 1.0,
        "recall": 0.1111111111111111,
        "f1": 0.19999999999999998
      },
      "Metaphorical": {
        "accuracy": 0.5596026490066225,
        "precision": 1.0,
        "recall": 0.08275862068965517,
        "f1": 0.15286624203821655
      },
      "Direct": {
        "accuracy": 0.5187165775401069,
        "precision": 0.896551724137931,
        "recall": 0.12807881773399016,
        "f1": 0.22413793103448276
      },
      "Single": {
        "accuracy": 0.625,
        "precision": 1.0,
        "recall": 0.22857142857142856,
        "f1": 0.3720930232558139
      }
    },
    "RoBERTa": {
      "Semantic List": {
        "accuracy": 0.5493421052631579,
        "precision": 1.0,
        "recall": 0.07432432432432433,
        "f1": 0.13836477987421383
      },
      "Reduplication": {
        "accuracy": 0.5616438356164384,
        "precision": 1.0,
        "recall": 0.1111111111111111,
        "f1": 0.19999999999999998
      },
      "Metaphorical": {
        "accuracy": 0.5612582781456954,
        "precision": 1.0,
        "recall": 0.08620689655172414,
        "f1": 0.15873015873015872
      },
      "Direct": {
        "accuracy": 0.5187165775401069,
        "precision": 0.896551724137931,
        "recall": 0.12807881773399016,
        "f1": 0.22413793103448276
      },
      "Single": {
        "accuracy": 0.625,
        "precision": 1.0,
        "recall": 0.22857142857142856,
        "f1": 0.3720930232558139
      }
    },
    "DeBERTa-v3": {
      "Semantic List": {
        "accuracy": 0.5493421052631579,
        "precision": 1.0,
        "recall": 0.07432432432432433,
        "f1": 0.13836477987421383
      },
      "Reduplication": {
        "accuracy": 0.5616438356164384,
        "precision": 1.0,
        "recall": 0.1111111111111111,
        "f1": 0.19999999999999998
      },
      "Metaphorical": {
        "accuracy": 0.5579470198675497,
        "precision": 1.0,
        "recall": 0.07931034482758621,
        "f1": 0.14696485623003194
      },
      "Direct": {
        "accuracy": 0.5187165775401069,
        "precision": 0.896551724137931,
        "recall": 0.12807881773399016,
        "f1": 0.22413793103448276
      },
      "Single": {
        "accuracy": 0.625,
        "precision": 1.0,
        "recall": 0.22857142857142856,
        "f1": 0.3720930232558139
      }
    }
  },
  "attribute_performance": {
    "BERT": {
      "OBJECT": {
        "accuracy": 0.5525114155251142,
        "precision": 1.0,
        "recall": 0.09259259259259259,
        "f1": 0.1694915254237288
      },
      "ACTION": {
        "accuracy": 0.5257270693512305,
        "precision": 0,
        "recall": 0.0,
        "f1": 0
      },
      "EMOTION": {
        "accuracy": 0.5839243498817966,
        "precision": 0.9423076923076923,
        "recall": 0.22072072072072071,
        "f1": 0.35766423357664234
      },
      "STATE": {
        "accuracy": 0.5511811023622047,
        "precision": 1.0,
        "recall": 0.09523809523809523,
        "f1": 0.17391304347826084
      },
      "QUALITY": {
        "accuracy": 0.46153846153846156,
        "precision": 0,
        "recall": 0.0,
        "f1": 0
      }
    },
    "RoBERTa": {
      "OBJECT": {
        "accuracy": 0.5525114155251142,
        "precision": 1.0,
        "recall": 0.09259259259259259,
        "f1": 0.1694915254237288
      },
      "ACTION": {
        "accuracy": 0.5257270693512305,
        "precision": 0,
        "recall": 0.0,
        "f1": 0
      },
      "EMOTION": {
        "accuracy": 0.5886524822695035,
        "precision": 0.9444444444444444,
        "recall": 0.22972972972972974,
        "f1": 0.3695652173913043
      },
      "STATE": {
        "accuracy": 0.5590551181102362,
        "precision": 1.0,
        "recall": 0.1111111111111111,
        "f1": 0.19999999999999998
      },
      "QUALITY": {
        "accuracy": 0.46153846153846156,
        "precision": 0,
        "recall": 0.0,
        "f1": 0
      }
    },
    "DeBERTa-v3": {
      "OBJECT": {
        "accuracy": 0.5525114155251142,
        "precision": 1.0,
        "recall": 0.09259259259259259,
        "f1": 0.1694915254237288
      },
      "ACTION": {
        "accuracy": 0.5257270693512305,
        "precision": 0,
        "recall": 0.0,
        "f1": 0
      },
      "EMOTION": {
        "accuracy": 0.5886524822695035,
        "precision": 0.9444444444444444,
        "recall": 0.22972972972972974,
        "f1": 0.3695652173913043
      },
      "STATE": {
        "accuracy": 0.5433070866141733,
        "precision": 1.0,
        "recall": 0.07936507936507936,
        "f1": 0.14705882352941177
      },
      "QUALITY": {
        "accuracy": 0.46153846153846156,
        "precision": 0,
        "recall": 0.0,
        "f1": 0
      }
    }
  },
  "dataset_stats": {
    "total_instances": 1500,
    "positive_instances": 748,
    "negative_instances": 752,
    "strategy_distribution": {
      "Semantic List": 304,
      "Reduplication": 146,
      "Metaphorical": 604,
      "Direct": 374,
      "Single": 72
    },
    "attribute_distribution": {
      "OBJECT": 438,
      "ACTION": 447,
      "EMOTION": 423,
      "STATE": 127,
      "QUALITY": 65
    }
  }
}