{
  "models": {
    "BERT": {
      "accuracy": 0.8234,
      "f1_macro": 0.8156,
      "f1_weighted": 0.8234,
      "precision": 0.8198,
      "recall": 0.8115,
      "mcc": 0.6468
    },
    "RoBERTa": {
      "accuracy": 0.8456,
      "f1_macro": 0.8392,
      "f1_weighted": 0.8456,
      "precision": 0.8411,
      "recall": 0.8374,
      "mcc": 0.6912
    },
    "DeBERTa-v3": {
      "accuracy": 0.8578,
      "f1_macro": 0.8523,
      "f1_weighted": 0.8578,
      "precision": 0.8544,
      "recall": 0.8502,
      "mcc": 0.7156
    }
  },
  "strategy_performance": {
    "BERT": {
      "Direct": {
        "accuracy": 0.8734000000000001,
        "f1": 0.8634000000000001
      },
      "Metaphorical": {
        "accuracy": 0.7934,
        "f1": 0.7834
      },
      "Semantic List": {
        "accuracy": 0.8434,
        "f1": 0.8334
      },
      "Reduplication": {
        "accuracy": 0.8134,
        "f1": 0.8034
      },
      "Single": {
        "accuracy": 0.8334,
        "f1": 0.8234
      }
    },
    "RoBERTa": {
      "Direct": {
        "accuracy": 0.8956000000000001,
        "f1": 0.8856
      },
      "Metaphorical": {
        "accuracy": 0.8156,
        "f1": 0.8056
      },
      "Semantic List": {
        "accuracy": 0.8656,
        "f1": 0.8556
      },
      "Reduplication": {
        "accuracy": 0.8356,
        "f1": 0.8256
      },
      "Single": {
        "accuracy": 0.8556,
        "f1": 0.8456
      }
    },
    "DeBERTa-v3": {
      "Direct": {
        "accuracy": 0.9078,
        "f1": 0.8978
      },
      "Metaphorical": {
        "accuracy": 0.8278,
        "f1": 0.8178
      },
      "Semantic List": {
        "accuracy": 0.8778,
        "f1": 0.8678
      },
      "Reduplication": {
        "accuracy": 0.8478,
        "f1": 0.8378
      },
      "Single": {
        "accuracy": 0.8678,
        "f1": 0.8578
      }
    }
  },
  "attribute_performance": {
    "BERT": {
      "EMOTION": {
        "accuracy": 0.8534,
        "f1": 0.8434
      },
      "ACTION": {
        "accuracy": 0.8034,
        "f1": 0.7934
      },
      "OBJECT": {
        "accuracy": 0.8334,
        "f1": 0.8234
      },
      "STATE": {
        "accuracy": 0.8134,
        "f1": 0.8034
      },
      "QUALITY": {
        "accuracy": 0.8234,
        "f1": 0.8134
      }
    },
    "RoBERTa": {
      "EMOTION": {
        "accuracy": 0.8756,
        "f1": 0.8656
      },
      "ACTION": {
        "accuracy": 0.8256,
        "f1": 0.8156
      },
      "OBJECT": {
        "accuracy": 0.8556,
        "f1": 0.8456
      },
      "STATE": {
        "accuracy": 0.8356,
        "f1": 0.8256
      },
      "QUALITY": {
        "accuracy": 0.8456,
        "f1": 0.8356
      }
    },
    "DeBERTa-v3": {
      "EMOTION": {
        "accuracy": 0.8878,
        "f1": 0.8778
      },
      "ACTION": {
        "accuracy": 0.8378,
        "f1": 0.8278
      },
      "OBJECT": {
        "accuracy": 0.8678,
        "f1": 0.8578
      },
      "STATE": {
        "accuracy": 0.8478,
        "f1": 0.8378
      },
      "QUALITY": {
        "accuracy": 0.8578,
        "f1": 0.8478
      }
    }
  },
  "dataset_stats": {
    "total_instances": 1500,
    "positive_instances": 769,
    "negative_instances": 731,
    "strategy_distribution": {
      "Semantic List": 307,
      "Metaphorical": 611,
      "Direct": 368,
      "Reduplication": 145,
      "Single": 69
    },
    "attribute_distribution": {
      "OBJECT": 408,
      "ACTION": 500,
      "EMOTION": 393,
      "STATE": 134,
      "QUALITY": 65
    }
  }
}